,escola,sexo,idade,endereco,tamanho familia,status pais,educ. mae,educ. pai,emprego mae,emprego pai,motivo escola,responsavel,tempo viagem,tempo estudo,reprovacoes,suporte escola,suporte familia,aulas pagas,atividades extra,frequentou creche,quer ensino superior,internet em casa,relacionamento,relacao familiar,tempo livre,sair com amigos,alcool dia util,alcool fim semana,saude,faltas,nota periodo 1,nota periodo 2,nota final
0,gabriel pereira,feminino,18,urbano,>3 pessoas,separados,superior,superior,do lar,professor(a),curso,mae,15 a 30 min,2 a 5h,nenhuma,sim,nao,nao,nao,sim,sim,nao,nao,boa,medio,bastante,muito baixo,muito baixo,regular,6,5,6,6
1,gabriel pereira,feminino,17,urbano,>3 pessoas,juntos,fund. i,fund. i,do lar,outro,curso,pai,menos de 15 min,2 a 5h,nenhuma,nao,sim,nao,nao,nao,sim,sim,nao,excelente,medio,medio,muito baixo,muito baixo,regular,4,5,5,6
2,gabriel pereira,feminino,15,urbano,<=3 pessoas,juntos,fund. i,fund. i,do lar,outro,outro,mae,menos de 15 min,2 a 5h,3 ou mais,sim,nao,sim,nao,sim,sim,sim,nao,boa,medio,pouco,baixo,medio,regular,10,7,8,10
3,gabriel pereira,feminino,15,urbano,>3 pessoas,juntos,superior,fund. ii,saude,servicos,proximidade,mae,menos de 15 min,5 a 10h,nenhuma,nao,sim,sim,sim,sim,sim,sim,sim,regular,pouco,pouco,muito baixo,muito baixo,muito boa,2,15,14,15
4,gabriel pereira,feminino,16,urbano,>3 pessoas,juntos,ensino medio,ensino medio,outro,outro,proximidade,pai,menos de 15 min,2 a 5h,nenhuma,nao,sim,sim,nao,sim,sim,nao,nao,boa,medio,pouco,muito baixo,baixo,muito boa,4,6,10,10
5,gabriel pereira,masculino,16,urbano,<=3 pessoas,juntos,superior,ensino medio,servicos,outro,reputacao,mae,menos de 15 min,2 a 5h,nenhuma,nao,sim,sim,sim,sim,sim,sim,nao,excelente,bastante,pouco,muito baixo,baixo,muito boa,10,15,15,15
6,gabriel pereira,masculino,16,urbano,<=3 pessoas,juntos,fund. ii,fund. ii,outro,outro,proximidade,mae,menos de 15 min,2 a 5h,nenhuma,nao,nao,nao,nao,sim,sim,sim,nao,boa,bastante,bastante,muito baixo,muito baixo,regular,0,12,12,11
7,gabriel pereira,feminino,17,urbano,>3 pessoas,separados,superior,superior,outro,professor(a),proximidade,mae,15 a 30 min,2 a 5h,nenhuma,sim,sim,nao,nao,sim,sim,nao,nao,boa,muito pouco,bastante,muito baixo,muito baixo,muito ruim,6,6,5,6
8,gabriel pereira,masculino,15,urbano,<=3 pessoas,separados,ensino medio,fund. ii,servicos,outro,proximidade,mae,menos de 15 min,2 a 5h,nenhuma,nao,sim,sim,nao,sim,sim,sim,nao,boa,pouco,pouco,muito baixo,muito baixo,muito ruim,0,16,18,19
9,gabriel pereira,masculino,15,urbano,>3 pessoas,juntos,ensino medio,superior,outro,outro,proximidade,mae,menos de 15 min,2 a 5h,nenhuma,nao,sim,sim,sim,sim,sim,sim,nao,excelente,muito,muito pouco,muito baixo,muito baixo,muito boa,0,14,15,15
10,gabriel pereira,feminino,15,urbano,>3 pessoas,juntos,superior,superior,professor(a),saude,reputacao,mae,menos de 15 min,2 a 5h,nenhuma,nao,sim,sim,nao,sim,sim,sim,nao,regular,medio,medio,muito baixo,baixo,ruim,0,10,8,9
11,gabriel pereira,feminino,15,urbano,>3 pessoas,juntos,fund. ii,fund. i,servicos,outro,reputacao,pai,30 min a 1h,5 a 10h,nenhuma,nao,sim,nao,sim,sim,sim,sim,nao,excelente,pouco,pouco,muito baixo,muito baixo,boa,4,10,12,12
12,gabriel pereira,masculino,15,urbano,<=3 pessoas,juntos,superior,superior,saude,servicos,curso,pai,menos de 15 min,menos de 2h,nenhuma,nao,sim,sim,sim,sim,sim,sim,nao,boa,medio,medio,muito baixo,medio,muito boa,2,14,14,14
13,gabriel pereira,masculino,15,urbano,>3 pessoas,juntos,superior,ensino medio,professor(a),outro,curso,mae,15 a 30 min,2 a 5h,nenhuma,nao,sim,sim,nao,sim,sim,sim,nao,excelente,bastante,medio,muito baixo,baixo,regular,2,10,10,11
14,gabriel pereira,masculino,15,urbano,>3 pessoas,separados,fund. ii,fund. ii,outro,outro,proximidade,outro,menos de 15 min,5 a 10h,nenhuma,nao,sim,nao,nao,sim,sim,sim,sim,boa,muito,pouco,muito baixo,muito baixo,regular,0,14,16,16
15,gabriel pereira,feminino,16,urbano,>3 pessoas,juntos,superior,superior,saude,outro,proximidade,mae,menos de 15 min,menos de 2h,nenhuma,nao,sim,nao,nao,sim,sim,sim,nao,boa,bastante,bastante,muito baixo,baixo,ruim,4,14,14,14
16,gabriel pereira,feminino,16,urbano,>3 pessoas,juntos,superior,superior,servicos,servicos,reputacao,mae,menos de 15 min,5 a 10h,nenhuma,nao,sim,sim,sim,sim,sim,sim,nao,regular,pouco,medio,muito baixo,baixo,ruim,6,13,14,14
17,gabriel pereira,feminino,16,urbano,>3 pessoas,juntos,ensino medio,ensino medio,outro,outro,reputacao,mae,30 min a 1h,2 a 5h,nenhuma,sim,sim,nao,sim,sim,sim,nao,nao,excelente,medio,pouco,muito baixo,muito baixo,boa,4,8,10,10
18,gabriel pereira,masculino,17,urbano,>3 pessoas,juntos,ensino medio,fund. ii,servicos,servicos,curso,mae,menos de 15 min,menos de 2h,3 ou mais,nao,sim,nao,sim,sim,sim,sim,nao,excelente,muito,muito,baixo,alto,muito boa,16,6,5,5
19,gabriel pereira,masculino,16,urbano,<=3 pessoas,juntos,superior,ensino medio,saude,outro,proximidade,pai,menos de 15 min,menos de 2h,nenhuma,nao,nao,sim,sim,sim,sim,sim,nao,regular,muito pouco,medio,muito baixo,medio,muito boa,4,8,10,10
20,gabriel pereira,masculino,15,urbano,>3 pessoas,juntos,superior,ensino medio,professor(a),outro,reputacao,mae,menos de 15 min,2 a 5h,nenhuma,nao,nao,nao,nao,sim,sim,sim,nao,boa,bastante,muito pouco,muito baixo,muito baixo,muito ruim,0,13,14,15
21,gabriel pereira,masculino,15,urbano,>3 pessoas,juntos,superior,superior,saude,saude,outro,pai,menos de 15 min,menos de 2h,nenhuma,nao,sim,sim,nao,sim,sim,sim,nao,excelente,bastante,pouco,muito baixo,muito baixo,muito boa,0,12,15,15
22,gabriel pereira,masculino,16,urbano,<=3 pessoas,juntos,superior,fund. ii,professor(a),outro,curso,mae,menos de 15 min,2 a 5h,nenhuma,nao,nao,nao,sim,sim,sim,sim,nao,boa,muito,muito pouco,muito baixo,medio,muito boa,2,15,15,16
23,gabriel pereira,masculino,16,urbano,<=3 pessoas,juntos,fund. ii,fund. ii,outro,outro,reputacao,mae,15 a 30 min,2 a 5h,nenhuma,nao,sim,nao,sim,sim,sim,sim,nao,excelente,bastante,bastante,baixo,alto,muito boa,0,13,13,12
24,gabriel pereira,feminino,15,rural,>3 pessoas,juntos,fund. ii,superior,servicos,saude,curso,mae,menos de 15 min,5 a 10h,nenhuma,sim,sim,sim,sim,sim,sim,sim,nao,boa,medio,pouco,muito baixo,muito baixo,muito boa,2,10,9,8
25,gabriel pereira,feminino,16,urbano,>3 pessoas,juntos,fund. ii,fund. ii,servicos,servicos,proximidade,mae,menos de 15 min,menos de 2h,2 vezes,nao,sim,sim,nao,nao,sim,sim,nao,muito ruim,pouco,pouco,muito baixo,medio,muito boa,14,6,9,8
26,gabriel pereira,masculino,15,urbano,>3 pessoas,juntos,fund. ii,fund. ii,outro,outro,proximidade,mae,menos de 15 min,menos de 2h,nenhuma,nao,sim,sim,nao,sim,sim,sim,nao,boa,pouco,pouco,muito baixo,baixo,muito boa,2,12,12,11
27,gabriel pereira,masculino,15,urbano,>3 pessoas,juntos,superior,fund. ii,saude,servicos,outro,mae,menos de 15 min,menos de 2h,nenhuma,nao,nao,sim,nao,sim,sim,sim,nao,ruim,pouco,bastante,baixo,alto,muito ruim,4,15,16,15
28,gabriel pereira,masculino,16,urbano,<=3 pessoas,separados,ensino medio,superior,servicos,outro,proximidade,mae,menos de 15 min,2 a 5h,nenhuma,sim,sim,nao,sim,sim,sim,sim,nao,excelente,medio,medio,muito baixo,muito baixo,muito boa,4,11,11,11
29,gabriel pereira,masculino,16,urbano,>3 pessoas,juntos,superior,superior,professor(a),professor(a),proximidade,mae,menos de 15 min,2 a 5h,nenhuma,nao,sim,sim,sim,sim,sim,sim,sim,boa,bastante,muito,muito alto,muito alto,muito boa,16,10,12,11
30,gabriel pereira,masculino,15,urbano,>3 pessoas,juntos,superior,superior,saude,servicos,proximidade,mae,menos de 15 min,2 a 5h,nenhuma,nao,sim,sim,nao,nao,sim,sim,nao,excelente,bastante,pouco,medio,alto,muito boa,0,9,11,12
31,gabriel pereira,masculino,15,urbano,>3 pessoas,juntos,superior,superior,servicos,servicos,reputacao,mae,15 a 30 min,2 a 5h,nenhuma,nao,sim,nao,sim,sim,sim,sim,nao,boa,medio,muito pouco,muito baixo,muito baixo,muito boa,0,17,16,17
32,gabriel pereira,masculino,15,rural,>3 pessoas,juntos,superior,ensino medio,professor(a),do lar,curso,mae,menos de 15 min,2 a 5h,nenhuma,nao,sim,nao,sim,sim,sim,sim,sim,boa,muito,pouco,muito baixo,muito baixo,muito boa,0,17,16,16
33,gabriel pereira,masculino,15,urbano,<=3 pessoas,juntos,ensino medio,ensino medio,outro,outro,curso,mae,menos de 15 min,2 a 5h,nenhuma,nao,nao,nao,sim,nao,sim,sim,nao,excelente,medio,pouco,muito baixo,muito baixo,ruim,0,8,10,12
34,gabriel pereira,masculino,16,urbano,>3 pessoas,juntos,ensino medio,fund. ii,outro,outro,proximidade,mae,menos de 15 min,menos de 2h,nenhuma,nao,sim,sim,nao,nao,sim,sim,nao,excelente,bastante,medio,muito baixo,muito baixo,muito boa,0,12,14,15
35,gabriel pereira,feminino,15,urbano,>3 pessoas,juntos,fund. ii,ensino medio,outro,outro,outro,pai,15 a 30 min,menos de 2h,nenhuma,nao,sim,nao,sim,sim,sim,nao,nao,regular,muito,muito pouco,muito baixo,muito baixo,muito boa,0,8,7,6
36,gabriel pereira,masculino,15,urbano,<=3 pessoas,juntos,superior,ensino medio,professor(a),servicos,proximidade,mae,menos de 15 min,5 a 10h,nenhuma,nao,sim,nao,sim,sim,sim,sim,nao,excelente,bastante,medio,muito baixo,muito baixo,boa,2,15,16,18
37,gabriel pereira,masculino,16,rural,>3 pessoas,separados,superior,superior,outro,professor(a),reputacao,mae,15 a 30 min,5 a 10h,nenhuma,nao,sim,nao,sim,sim,sim,sim,sim,ruim,bastante,medio,muito baixo,muito baixo,muito boa,7,15,16,15
38,gabriel pereira,feminino,15,rural,>3 pessoas,juntos,ensino medio,superior,servicos,saude,curso,mae,menos de 15 min,5 a 10h,nenhuma,sim,sim,sim,sim,sim,sim,sim,nao,boa,medio,pouco,muito baixo,muito baixo,muito boa,2,12,12,11
39,gabriel pereira,feminino,15,rural,>3 pessoas,juntos,fund. ii,fund. ii,do lar,outro,reputacao,mae,menos de 15 min,menos de 2h,nenhuma,sim,sim,sim,sim,sim,sim,nao,nao,boa,medio,muito pouco,muito baixo,muito baixo,ruim,8,14,13,13
40,gabriel pereira,feminino,16,urbano,<=3 pessoas,juntos,fund. ii,fund. ii,outro,outro,proximidade,mae,15 a 30 min,2 a 5h,1 vez,nao,sim,nao,sim,nao,sim,sim,sim,regular,medio,medio,muito baixo,baixo,regular,25,7,10,11
41,gabriel pereira,masculino,15,urbano,<=3 pessoas,juntos,superior,superior,professor(a),outro,proximidade,outro,menos de 15 min,menos de 2h,nenhuma,nao,sim,nao,nao,nao,sim,sim,sim,excelente,bastante,medio,baixo,alto,muito boa,8,12,12,12
42,gabriel pereira,masculino,15,urbano,>3 pessoas,juntos,superior,superior,servicos,professor(a),curso,pai,menos de 15 min,2 a 5h,nenhuma,nao,sim,nao,sim,sim,sim,sim,nao,boa,medio,medio,muito baixo,muito baixo,muito boa,2,19,18,18
43,gabriel pereira,masculino,15,urbano,>3 pessoas,juntos,fund. ii,fund. ii,servicos,servicos,curso,pai,menos de 15 min,menos de 2h,nenhuma,sim,sim,nao,nao,sim,sim,sim,nao,excelente,bastante,muito pouco,muito baixo,muito baixo,muito ruim,0,8,8,11
44,gabriel pereira,feminino,16,urbano,<=3 pessoas,juntos,fund. ii,fund. ii,outro,do lar,curso,pai,15 a 30 min,2 a 5h,1 vez,sim,nao,nao,sim,sim,sim,sim,nao,boa,medio,medio,baixo,baixo,muito boa,14,10,10,9
45,gabriel pereira,feminino,15,urbano,<=3 pessoas,separados,superior,ensino medio,outro,outro,curso,mae,menos de 15 min,2 a 5h,nenhuma,sim,sim,sim,sim,sim,sim,sim,sim,excelente,pouco,pouco,muito baixo,muito baixo,muito boa,8,8,8,6
46,gabriel pereira,feminino,16,urbano,<=3 pessoas,separados,ensino medio,ensino medio,outro,servicos,proximidade,mae,menos de 15 min,2 a 5h,nenhuma,nao,sim,nao,nao,sim,sim,sim,nao,ruim,medio,muito,muito baixo,alto,regular,12,11,12,11
47,gabriel pereira,masculino,16,urbano,>3 pessoas,juntos,superior,ensino medio,saude,servicos,reputacao,mae,menos de 15 min,mais de 10h,nenhuma,nao,nao,nao,sim,sim,sim,sim,nao,boa,pouco,pouco,muito baixo,muito baixo,ruim,4,19,19,20
48,gabriel pereira,masculino,15,urbano,>3 pessoas,juntos,superior,fund. ii,professor(a),outro,proximidade,mae,menos de 15 min,2 a 5h,nenhuma,nao,sim,sim,nao,sim,sim,nao,nao,boa,medio,medio,baixo,baixo,muito boa,2,15,15,14
49,gabriel pereira,feminino,15,urbano,>3 pessoas,juntos,superior,superior,servicos,professor(a),outro,pai,menos de 15 min,2 a 5h,1 vez,sim,sim,nao,sim,nao,sim,sim,nao,boa,bastante,bastante,muito baixo,muito baixo,regular,2,7,7,7
50,gabriel pereira,feminino,16,urbano,<=3 pessoas,juntos,fund. ii,fund. ii,servicos,servicos,curso,mae,30 min a 1h,2 a 5h,nenhuma,nao,sim,sim,nao,sim,sim,sim,nao,boa,medio,medio,baixo,medio,boa,2,12,13,13
51,gabriel pereira,feminino,15,urbano,<=3 pessoas,juntos,superior,fund. ii,saude,outro,outro,mae,menos de 15 min,2 a 5h,nenhuma,nao,sim,sim,nao,sim,sim,sim,nao,boa,medio,medio,muito baixo,muito baixo,muito boa,2,11,13,13
52,gabriel pereira,masculino,15,urbano,<=3 pessoas,separados,superior,fund. ii,saude,saude,outro,pai,15 a 30 min,menos de 2h,1 vez,nao,nao,nao,nao,sim,sim,nao,nao,excelente,muito,muito,medio,alto,muito boa,6,11,11,10
53,gabriel pereira,feminino,15,urbano,>3 pessoas,juntos,superior,superior,servicos,servicos,curso,mae,menos de 15 min,menos de 2h,nenhuma,sim,sim,sim,nao,sim,sim,sim,nao,regular,medio,bastante,baixo,medio,muito boa,0,8,10,11
54,gabriel pereira,feminino,15,urbano,<=3 pessoas,separados,ensino medio,ensino medio,outro,outro,outro,mae,menos de 15 min,menos de 2h,nenhuma,nao,nao,sim,nao,sim,sim,sim,nao,excelente,medio,bastante,alto,alto,muito ruim,6,10,13,13
55,gabriel pereira,feminino,16,urbano,>3 pessoas,separados,fund. ii,fund. i,outro,outro,outro,mae,menos de 15 min,2 a 5h,nenhuma,nao,nao,sim,sim,sim,sim,sim,sim,excelente,medio,bastante,muito baixo,muito baixo,ruim,8,8,9,10
56,gabriel pereira,feminino,15,urbano,>3 pessoas,separados,superior,ensino medio,servicos,servicos,reputacao,mae,menos de 15 min,2 a 5h,nenhuma,nao,sim,sim,sim,sim,sim,sim,nao,boa,medio,pouco,muito baixo,muito baixo,muito ruim,0,14,15,15
57,gabriel pereira,masculino,15,urbano,>3 pessoas,juntos,superior,superior,professor(a),saude,reputacao,mae,menos de 15 min,2 a 5h,nenhuma,nao,sim,nao,sim,sim,sim,nao,nao,regular,pouco,pouco,muito baixo,muito baixo,muito boa,4,14,15,15
58,gabriel pereira,masculino,15,urbano,<=3 pessoas,juntos,fund. i,fund. ii,outro,do lar,proximidade,pai,menos de 15 min,2 a 5h,nenhuma,sim,sim,nao,sim,sim,sim,sim,nao,boa,medio,pouco,muito baixo,muito baixo,muito boa,2,9,10,9
59,gabriel pereira,feminino,16,urbano,>3 pessoas,juntos,superior,fund. ii,servicos,outro,curso,mae,menos de 15 min,2 a 5h,nenhuma,nao,sim,nao,nao,sim,sim,sim,nao,boa,pouco,medio,muito baixo,muito baixo,muito boa,2,15,16,16
60,gabriel pereira,feminino,16,rural,>3 pessoas,juntos,superior,superior,saude,professor(a),outro,mae,menos de 15 min,2 a 5h,nenhuma,nao,sim,nao,sim,sim,sim,nao,nao,ruim,bastante,bastante,baixo,medio,boa,6,10,11,11
61,gabriel pereira,feminino,16,urbano,>3 pessoas,juntos,fund. i,fund. i,servicos,servicos,curso,pai,mais de 1h,menos de 2h,nenhuma,sim,sim,nao,sim,nao,sim,sim,sim,excelente,muito,muito,muito alto,muito alto,muito boa,6,10,8,11
62,gabriel pereira,feminino,16,urbano,<=3 pessoas,juntos,fund. i,fund. ii,outro,servicos,reputacao,pai,menos de 15 min,2 a 5h,nenhuma,sim,nao,nao,sim,sim,sim,sim,nao,boa,bastante,medio,muito baixo,muito baixo,muito ruim,4,8,10,9
63,gabriel pereira,feminino,16,urbano,>3 pessoas,juntos,superior,ensino medio,professor(a),saude,proximidade,mae,menos de 15 min,5 a 10h,nenhuma,sim,sim,sim,sim,sim,sim,sim,nao,regular,bastante,bastante,baixo,alto,boa,2,10,9,9
64,gabriel pereira,feminino,15,urbano,<=3 pessoas,juntos,superior,ensino medio,servicos,servicos,reputacao,pai,menos de 15 min,2 a 5h,nenhuma,sim,nao,nao,sim,sim,sim,sim,sim,boa,bastante,bastante,baixo,alto,ruim,0,10,10,10
65,gabriel pereira,feminino,16,urbano,<=3 pessoas,juntos,superior,ensino medio,professor(a),servicos,curso,mae,30 min a 1h,2 a 5h,nenhuma,nao,sim,nao,sim,sim,sim,sim,nao,excelente,bastante,medio,muito baixo,baixo,muito ruim,2,16,15,15
66,gabriel pereira,masculino,15,urbano,>3 pessoas,separados,superior,superior,outro,servicos,reputacao,mae,menos de 15 min,mais de 10h,nenhuma,nao,sim,nao,sim,nao,sim,sim,sim,muito ruim,medio,medio,muito alto,muito alto,regular,4,13,13,12
67,gabriel pereira,feminino,16,urbano,>3 pessoas,juntos,ensino medio,fund. i,servicos,outro,curso,mae,menos de 15 min,mais de 10h,nenhuma,sim,sim,sim,nao,sim,sim,sim,nao,boa,medio,medio,muito baixo,baixo,muito boa,4,7,7,6
68,gabriel pereira,feminino,15,rural,<=3 pessoas,juntos,fund. ii,fund. ii,saude,servicos,reputacao,mae,15 a 30 min,2 a 5h,nenhuma,sim,sim,sim,nao,sim,sim,sim,nao,boa,muito pouco,medio,muito baixo,medio,boa,2,8,9,8
69,gabriel pereira,feminino,15,rural,<=3 pessoas,juntos,ensino medio,fund. i,outro,outro,reputacao,pai,15 a 30 min,mais de 10h,nenhuma,nao,sim,nao,nao,nao,sim,sim,nao,boa,bastante,pouco,baixo,medio,regular,12,16,16,16
70,gabriel pereira,masculino,16,urbano,>3 pessoas,juntos,ensino medio,fund. i,outro,outro,reputacao,pai,15 a 30 min,mais de 10h,nenhuma,nao,sim,sim,nao,sim,sim,sim,nao,boa,medio,pouco,muito baixo,muito baixo,muito boa,0,13,15,15
71,gabriel pereira,masculino,15,urbano,>3 pessoas,juntos,superior,fund. ii,outro,outro,curso,mae,menos de 15 min,mais de 10h,nenhuma,nao,nao,nao,nao,sim,sim,sim,nao,regular,medio,medio,muito baixo,muito baixo,regular,0,10,10,10
72,gabriel pereira,feminino,15,rural,>3 pessoas,juntos,fund. i,fund. i,outro,outro,reputacao,mae,menos de 15 min,2 a 5h,2 vezes,sim,sim,nao,nao,nao,sim,sim,sim,regular,medio,bastante,baixo,alto,muito boa,2,8,6,5
73,gabriel pereira,masculino,16,urbano,>3 pessoas,juntos,ensino medio,fund. i,outro,outro,reputacao,mae,menos de 15 min,menos de 2h,nenhuma,nao,nao,nao,sim,sim,sim,nao,nao,excelente,medio,pouco,baixo,baixo,muito boa,2,12,12,14
74,gabriel pereira,feminino,16,urbano,>3 pessoas,juntos,ensino medio,ensino medio,outro,servicos,proximidade,mae,menos de 15 min,2 a 5h,nenhuma,sim,sim,sim,sim,sim,sim,sim,nao,boa,medio,medio,baixo,alto,muito boa,54,11,12,11
75,gabriel pereira,masculino,15,urbano,>3 pessoas,juntos,superior,ensino medio,professor(a),outro,proximidade,mae,menos de 15 min,2 a 5h,nenhuma,nao,sim,sim,sim,sim,sim,sim,nao,boa,medio,medio,baixo,medio,muito boa,6,9,9,10
76,gabriel pereira,masculino,15,urbano,>3 pessoas,juntos,superior,sem educacao,professor(a),outro,curso,mae,15 a 30 min,mais de 10h,nenhuma,nao,nao,nao,sim,sim,sim,sim,nao,regular,bastante,medio,muito baixo,muito baixo,muito ruim,8,11,11,10
77,gabriel pereira,feminino,16,urbano,>3 pessoas,juntos,fund. ii,fund. ii,outro,outro,reputacao,mae,menos de 15 min,mais de 10h,nenhuma,nao,nao,sim,nao,sim,sim,sim,sim,excelente,pouco,medio,muito baixo,medio,regular,0,11,11,11
78,gabriel pereira,masculino,17,urbano,>3 pessoas,juntos,fund. ii,fund. i,outro,outro,proximidade,mae,15 a 30 min,menos de 2h,3 ou mais,sim,sim,nao,sim,sim,nao,sim,nao,boa,muito,muito pouco,muito baixo,muito baixo,regular,2,8,8,10
79,gabriel pereira,feminino,16,urbano,>3 pessoas,juntos,ensino medio,superior,do lar,outro,curso,mae,menos de 15 min,2 a 5h,nenhuma,nao,sim,nao,nao,sim,sim,sim,nao,ruim,bastante,medio,muito baixo,baixo,regular,12,5,5,5
80,gabriel pereira,masculino,15,urbano,>3 pessoas,juntos,fund. ii,ensino medio,outro,servicos,curso,pai,menos de 15 min,menos de 2h,nenhuma,sim,sim,sim,sim,nao,sim,sim,sim,regular,pouco,pouco,muito baixo,medio,regular,2,10,12,12
81,gabriel pereira,masculino,15,urbano,>3 pessoas,juntos,fund. ii,ensino medio,outro,outro,proximidade,mae,menos de 15 min,5 a 10h,nenhuma,sim,nao,sim,nao,nao,sim,sim,nao,excelente,medio,pouco,muito baixo,baixo,muito boa,4,11,10,11
82,gabriel pereira,feminino,15,urbano,<=3 pessoas,juntos,ensino medio,fund. ii,servicos,outro,reputacao,mae,menos de 15 min,2 a 5h,nenhuma,nao,sim,sim,nao,sim,sim,sim,nao,boa,bastante,bastante,muito baixo,muito baixo,muito boa,10,7,6,6
83,gabriel pereira,masculino,15,urbano,<=3 pessoas,juntos,fund. ii,fund. ii,servicos,servicos,proximidade,mae,15 a 30 min,2 a 5h,nenhuma,nao,nao,sim,sim,sim,sim,sim,nao,excelente,medio,medio,muito baixo,medio,boa,4,15,15,15
84,gabriel pereira,feminino,15,urbano,>3 pessoas,juntos,fund. i,fund. i,outro,outro,proximidade,pai,menos de 15 min,2 a 5h,nenhuma,nao,sim,nao,sim,nao,sim,sim,nao,boa,medio,pouco,baixo,medio,boa,2,9,10,10
85,gabriel pereira,feminino,15,urbano,>3 pessoas,juntos,superior,superior,servicos,servicos,reputacao,pai,15 a 30 min,2 a 5h,2 vezes,nao,nao,sim,nao,sim,sim,sim,sim,boa,bastante,bastante,baixo,medio,muito boa,6,7,9,8
86,gabriel pereira,feminino,16,urbano,<=3 pessoas,juntos,fund. ii,fund. ii,do lar,outro,curso,mae,menos de 15 min,2 a 5h,nenhuma,nao,sim,nao,nao,sim,sim,nao,nao,boa,medio,bastante,muito baixo,baixo,ruim,4,8,7,6
87,gabriel pereira,feminino,15,urbano,>3 pessoas,juntos,superior,fund. ii,outro,outro,reputacao,mae,menos de 15 min,5 a 10h,nenhuma,nao,sim,nao,sim,sim,sim,sim,nao,excelente,medio,medio,muito baixo,medio,muito ruim,4,13,14,14
88,gabriel pereira,masculino,16,urbano,>3 pessoas,juntos,fund. ii,fund. ii,servicos,outro,reputacao,pai,15 a 30 min,2 a 5h,1 vez,nao,nao,sim,sim,nao,sim,sim,nao,boa,bastante,pouco,muito baixo,muito baixo,regular,12,11,10,10
89,gabriel pereira,masculino,16,urbano,<=3 pessoas,separados,superior,superior,professor(a),saude,reputacao,mae,menos de 15 min,2 a 5h,nenhuma,nao,sim,nao,nao,sim,sim,nao,nao,boa,muito pouco,medio,medio,muito alto,muito boa,18,8,6,7
90,gabriel pereira,feminino,16,urbano,>3 pessoas,juntos,ensino medio,ensino medio,outro,outro,proximidade,mae,menos de 15 min,5 a 10h,nenhuma,nao,sim,sim,nao,sim,sim,sim,sim,boa,medio,medio,muito baixo,medio,boa,0,7,7,8
91,gabriel pereira,feminino,15,urbano,>3 pessoas,juntos,superior,ensino medio,servicos,outro,reputacao,mae,menos de 15 min,menos de 2h,nenhuma,nao,nao,sim,sim,sim,sim,sim,nao,boa,muito,muito,muito baixo,medio,muito ruim,4,16,17,18
92,gabriel pereira,feminino,16,urbano,<=3 pessoas,juntos,ensino medio,fund. i,outro,outro,proximidade,pai,menos de 15 min,2 a 5h,nenhuma,sim,sim,nao,nao,sim,sim,nao,nao,regular,medio,medio,baixo,medio,ruim,4,7,6,6
93,gabriel pereira,feminino,16,urbano,>3 pessoas,juntos,superior,fund. ii,professor(a),servicos,proximidade,mae,15 a 30 min,2 a 5h,nenhuma,nao,sim,sim,sim,sim,sim,sim,nao,excelente,medio,medio,muito baixo,muito baixo,muito ruim,0,11,10,10
94,gabriel pereira,masculino,15,urbano,<=3 pessoas,juntos,fund. ii,fund. ii,servicos,saude,reputacao,mae,menos de 15 min,mais de 10h,nenhuma,nao,sim,nao,sim,sim,sim,sim,nao,boa,medio,bastante,muito baixo,muito baixo,boa,6,11,13,14
95,gabriel pereira,feminino,15,rural,>3 pessoas,juntos,fund. i,fund. i,do lar,outro,proximidade,mae,15 a 30 min,mais de 10h,1 vez,sim,sim,sim,sim,sim,sim,sim,nao,regular,muito pouco,pouco,muito baixo,muito baixo,muito ruim,2,7,10,10
96,gabriel pereira,masculino,16,rural,>3 pessoas,juntos,superior,ensino medio,servicos,outro,reputacao,mae,15 a 30 min,menos de 2h,nenhuma,sim,sim,nao,sim,nao,sim,sim,nao,regular,medio,medio,muito baixo,muito baixo,boa,2,11,15,15
97,gabriel pereira,feminino,16,urbano,>3 pessoas,juntos,fund. ii,fund. i,outro,outro,curso,mae,menos de 15 min,2 a 5h,nenhuma,nao,sim,sim,nao,sim,sim,nao,sim,boa,medio,muito,muito baixo,muito baixo,muito boa,2,8,9,10
98,gabriel pereira,feminino,16,urbano,>3 pessoas,juntos,superior,superior,outro,outro,reputacao,mae,menos de 15 min,menos de 2h,nenhuma,nao,nao,nao,sim,nao,sim,sim,nao,excelente,medio,bastante,muito baixo,baixo,muito ruim,6,11,14,14
99,gabriel pereira,feminino,16,urbano,>3 pessoas,juntos,superior,ensino medio,outro,do lar,curso,mae,menos de 15 min,5 a 10h,nenhuma,sim,sim,sim,nao,sim,sim,sim,nao,excelente,medio,muito,muito baixo,muito baixo,regular,0,7,9,8
100,gabriel pereira,masculino,16,urbano,>3 pessoas,juntos,superior,superior,servicos,servicos,outro,mae,menos de 15 min,menos de 2h,nenhuma,sim,sim,sim,sim,sim,sim,sim,nao,boa,muito,muito,muito alto,muito alto,boa,14,7,7,5
101,gabriel pereira,masculino,16,urbano,>3 pessoas,juntos,superior,superior,servicos,professor(a),outro,pai,menos de 15 min,5 a 10h,nenhuma,nao,sim,nao,sim,sim,sim,sim,sim,boa,bastante,medio,muito baixo,muito baixo,boa,0,16,17,17
102,gabriel pereira,masculino,15,urbano,>3 pessoas,juntos,superior,superior,servicos,outro,curso,mae,menos de 15 min,menos de 2h,nenhuma,nao,sim,nao,sim,nao,sim,sim,nao,excelente,medio,medio,muito baixo,muito baixo,muito boa,4,10,13,14
103,gabriel pereira,feminino,15,urbano,>3 pessoas,juntos,ensino medio,fund. ii,servicos,outro,proximidade,mae,15 a 30 min,2 a 5h,nenhuma,sim,sim,sim,nao,sim,sim,sim,nao,boa,medio,muito,muito baixo,muito baixo,ruim,26,7,6,6
104,gabriel pereira,masculino,15,urbano,>3 pessoas,separados,ensino medio,superior,servicos,outro,curso,mae,menos de 15 min,2 a 5h,nenhuma,nao,sim,sim,sim,sim,sim,sim,nao,excelente,bastante,bastante,muito baixo,muito baixo,muito ruim,0,16,18,18
105,gabriel pereira,feminino,15,urbano,>3 pessoas,separados,ensino medio,ensino medio,outro,saude,reputacao,pai,menos de 15 min,mais de 10h,nenhuma,sim,nao,nao,nao,sim,sim,nao,nao,boa,medio,medio,muito baixo,muito baixo,boa,10,10,11,11
106,gabriel pereira,feminino,15,urbano,>3 pessoas,juntos,fund. ii,fund. ii,outro,outro,curso,mae,menos de 15 min,mais de 10h,nenhuma,sim,sim,sim,nao,sim,sim,sim,nao,excelente,muito pouco,pouco,muito baixo,muito baixo,regular,8,7,8,8
107,gabriel pereira,masculino,16,urbano,>3 pessoas,juntos,ensino medio,ensino medio,servicos,outro,proximidade,pai,menos de 15 min,5 a 10h,nenhuma,nao,sim,nao,sim,sim,sim,sim,nao,excelente,medio,medio,muito baixo,muito baixo,muito boa,2,16,18,18
108,gabriel pereira,masculino,15,rural,>3 pessoas,juntos,superior,superior,outro,outro,proximidade,pai,mais de 1h,mais de 10h,nenhuma,nao,sim,sim,sim,sim,sim,sim,sim,muito ruim,medio,muito,medio,muito alto,muito ruim,6,10,13,13
109,gabriel pereira,feminino,16,urbano,<=3 pessoas,juntos,superior,superior,saude,saude,outro,mae,menos de 15 min,5 a 10h,nenhuma,nao,sim,sim,sim,sim,sim,sim,sim,excelente,bastante,muito,muito baixo,muito baixo,boa,4,14,15,16
110,gabriel pereira,masculino,15,urbano,<=3 pessoas,separados,superior,superior,professor(a),professor(a),curso,mae,menos de 15 min,menos de 2h,nenhuma,nao,nao,nao,sim,sim,sim,sim,nao,excelente,muito,medio,muito baixo,muito baixo,boa,6,18,19,19
111,gabriel pereira,feminino,16,rural,>3 pessoas,juntos,ensino medio,ensino medio,servicos,outro,reputacao,pai,menos de 15 min,5 a 10h,1 vez,sim,sim,nao,sim,sim,sim,sim,nao,boa,muito pouco,pouco,muito baixo,muito baixo,ruim,0,7,10,10
112,gabriel pereira,feminino,16,urbano,>3 pessoas,juntos,fund. ii,fund. ii,do lar,outro,proximidade,mae,menos de 15 min,2 a 5h,1 vez,sim,nao,nao,sim,sim,sim,sim,nao,regular,muito pouco,pouco,muito baixo,muito baixo,muito boa,6,10,13,13
113,gabriel pereira,masculino,15,urbano,<=3 pessoas,juntos,superior,fund. ii,professor(a),outro,curso,mae,menos de 15 min,menos de 2h,nenhuma,nao,nao,nao,nao,sim,sim,sim,nao,regular,muito,pouco,muito baixo,muito baixo,regular,10,18,19,19
114,gabriel pereira,masculino,15,rural,>3 pessoas,juntos,fund. ii,fund. i,saude,servicos,reputacao,mae,menos de 15 min,2 a 5h,nenhuma,nao,nao,nao,sim,sim,sim,sim,sim,excelente,bastante,pouco,muito baixo,muito baixo,muito boa,8,9,9,9
115,gabriel pereira,masculino,16,urbano,>3 pessoas,juntos,superior,superior,professor(a),professor(a),curso,pai,menos de 15 min,2 a 5h,nenhuma,nao,sim,nao,sim,sim,sim,sim,nao,excelente,bastante,bastante,muito baixo,baixo,muito boa,2,15,15,16
116,gabriel pereira,masculino,15,urbano,>3 pessoas,juntos,superior,superior,outro,professor(a),reputacao,pai,15 a 30 min,2 a 5h,nenhuma,nao,sim,nao,sim,sim,sim,nao,nao,boa,bastante,medio,muito baixo,muito baixo,ruim,2,11,13,14
117,gabriel pereira,masculino,16,urbano,>3 pessoas,juntos,ensino medio,ensino medio,outro,servicos,proximidade,pai,15 a 30 min,menos de 2h,nenhuma,nao,nao,nao,sim,sim,sim,sim,nao,excelente,bastante,pouco,muito baixo,muito baixo,muito boa,0,13,14,13
118,gabriel pereira,masculino,17,rural,>3 pessoas,juntos,fund. i,ensino medio,outro,outro,curso,pai,30 min a 1h,2 a 5h,1 vez,nao,sim,nao,sim,sim,sim,sim,nao,excelente,pouco,bastante,muito baixo,alto,muito boa,20,9,7,8
119,gabriel pereira,masculino,15,urbano,>3 pessoas,juntos,ensino medio,superior,outro,outro,reputacao,pai,menos de 15 min,menos de 2h,nenhuma,nao,nao,nao,nao,sim,sim,sim,nao,regular,bastante,medio,muito baixo,baixo,boa,6,14,13,13
120,gabriel pereira,feminino,15,urbano,>3 pessoas,juntos,fund. i,fund. ii,do lar,servicos,curso,mae,menos de 15 min,2 a 5h,nenhuma,nao,nao,nao,nao,nao,sim,sim,nao,regular,pouco,medio,muito baixo,baixo,muito ruim,2,16,15,15
121,gabriel pereira,masculino,15,urbano,>3 pessoas,juntos,fund. ii,fund. ii,servicos,servicos,proximidade,pai,menos de 15 min,mais de 10h,nenhuma,nao,sim,sim,sim,sim,sim,sim,nao,excelente,muito,bastante,muito baixo,baixo,muito boa,6,16,14,15
122,gabriel pereira,feminino,16,urbano,<=3 pessoas,juntos,fund. ii,superior,outro,saude,curso,pai,15 a 30 min,2 a 5h,nenhuma,nao,sim,sim,sim,sim,sim,sim,sim,boa,pouco,pouco,muito baixo,baixo,muito boa,2,13,13,13
123,gabriel pereira,masculino,16,urbano,>3 pessoas,juntos,superior,superior,saude,outro,curso,mae,menos de 15 min,menos de 2h,nenhuma,nao,sim,nao,sim,sim,sim,sim,nao,regular,bastante,bastante,muito baixo,alto,muito boa,18,14,11,13
124,gabriel pereira,feminino,16,urbano,>3 pessoas,juntos,fund. ii,fund. ii,outro,outro,proximidade,mae,menos de 15 min,2 a 5h,nenhuma,nao,nao,sim,nao,sim,sim,sim,sim,excelente,bastante,bastante,muito baixo,muito baixo,muito boa,0,8,7,8
125,gabriel pereira,masculino,15,urbano,>3 pessoas,juntos,ensino medio,superior,servicos,servicos,proximidade,pai,menos de 15 min,menos de 2h,nenhuma,sim,nao,nao,nao,sim,sim,sim,nao,excelente,muito,muito,medio,baixo,muito boa,0,13,13,12
126,gabriel pereira,feminino,15,urbano,<=3 pessoas,separados,ensino medio,superior,outro,outro,proximidade,mae,menos de 15 min,2 a 5h,nenhuma,sim,nao,nao,sim,sim,sim,sim,sim,excelente,medio,pouco,muito baixo,muito baixo,muito ruim,0,7,10,11
127,gabriel pereira,feminino,19,urbano,>3 pessoas,juntos,sem educacao,fund. i,do lar,outro,curso,outro,menos de 15 min,2 a 5h,3 ou mais,nao,sim,nao,nao,nao,nao,nao,nao,regular,bastante,pouco,muito baixo,muito baixo,muito boa,2,7,8,9
128,gabriel pereira,masculino,18,rural,>3 pessoas,juntos,fund. ii,fund. ii,servicos,outro,reputacao,mae,menos de 15 min,menos de 2h,2 vezes,nao,sim,nao,sim,sim,sim,sim,nao,regular,medio,medio,muito baixo,baixo,boa,0,7,4,0
129,gabriel pereira,masculino,16,rural,>3 pessoas,juntos,superior,superior,professor(a),professor(a),curso,mae,menos de 15 min,menos de 2h,nenhuma,nao,nao,sim,sim,sim,sim,sim,nao,regular,muito,muito,baixo,muito alto,boa,8,18,18,18
130,gabriel pereira,feminino,15,rural,>3 pessoas,juntos,ensino medio,superior,servicos,professor(a),curso,pai,15 a 30 min,5 a 10h,2 vezes,nao,sim,nao,nao,sim,sim,sim,sim,boa,pouco,pouco,baixo,baixo,muito boa,0,12,0,0
131,gabriel pereira,feminino,15,urbano,>3 pessoas,juntos,fund. i,fund. i,do lar,outro,curso,mae,30 min a 1h,menos de 2h,nenhuma,nao,sim,nao,sim,nao,sim,sim,sim,boa,medio,medio,muito baixo,baixo,boa,0,8,0,0
132,gabriel pereira,feminino,17,urbano,<=3 pessoas,juntos,fund. ii,fund. ii,outro,outro,curso,pai,menos de 15 min,menos de 2h,nenhuma,nao,sim,nao,nao,sim,sim,sim,sim,regular,bastante,bastante,muito baixo,medio,muito boa,12,10,13,12
133,gabriel pereira,feminino,16,urbano,>3 pessoas,separados,ensino medio,superior,servicos,outro,curso,pai,menos de 15 min,menos de 2h,nenhuma,nao,nao,nao,nao,sim,sim,sim,nao,regular,pouco,muito pouco,muito baixo,alto,muito boa,16,12,11,11
134,gabriel pereira,masculino,15,rural,>3 pessoas,juntos,ensino medio,superior,do lar,professor(a),curso,mae,mais de 1h,2 a 5h,nenhuma,nao,sim,nao,nao,sim,sim,nao,sim,excelente,medio,medio,muito baixo,muito baixo,muito boa,0,9,0,0
135,gabriel pereira,feminino,15,urbano,>3 pessoas,juntos,superior,superior,servicos,do lar,curso,mae,menos de 15 min,5 a 10h,nenhuma,nao,sim,nao,sim,sim,sim,sim,sim,boa,medio,medio,muito baixo,muito baixo,muito boa,0,11,0,0
136,gabriel pereira,masculino,17,rural,>3 pessoas,juntos,ensino medio,superior,do lar,outro,curso,mae,30 min a 1h,2 a 5h,nenhuma,nao,nao,nao,nao,sim,sim,nao,nao,excelente,bastante,muito,baixo,alto,muito boa,0,10,0,0
137,gabriel pereira,feminino,16,urbano,>3 pessoas,separados,ensino medio,ensino medio,outro,outro,curso,outro,15 a 30 min,menos de 2h,2 vezes,nao,sim,nao,sim,nao,sim,sim,sim,boa,medio,pouco,muito baixo,muito baixo,muito boa,0,4,0,0
138,gabriel pereira,masculino,16,urbano,<=3 pessoas,juntos,fund. i,fund. i,servicos,outro,curso,mae,menos de 15 min,2 a 5h,1 vez,nao,nao,nao,nao,sim,sim,nao,sim,boa,bastante,bastante,muito baixo,medio,muito boa,0,14,12,12
139,gabriel pereira,feminino,15,urbano,>3 pessoas,juntos,superior,superior,professor(a),professor(a),curso,mae,15 a 30 min,menos de 2h,nenhuma,nao,nao,nao,sim,sim,sim,sim,nao,boa,medio,pouco,muito baixo,muito baixo,muito boa,0,16,16,15
140,gabriel pereira,masculino,15,urbano,>3 pessoas,juntos,superior,ensino medio,professor(a),servicos,curso,pai,15 a 30 min,mais de 10h,nenhuma,sim,sim,nao,nao,sim,sim,sim,nao,ruim,pouco,pouco,muito baixo,muito baixo,regular,0,7,9,0
141,gabriel pereira,masculino,16,urbano,<=3 pessoas,juntos,fund. ii,fund. ii,servicos,servicos,reputacao,pai,15 a 30 min,menos de 2h,2 vezes,nao,sim,nao,sim,sim,sim,sim,nao,ruim,medio,medio,baixo,baixo,ruim,8,9,9,9
142,gabriel pereira,feminino,15,urbano,>3 pessoas,juntos,superior,superior,professor(a),servicos,curso,mae,menos de 15 min,5 a 10h,nenhuma,nao,sim,sim,sim,sim,sim,sim,nao,boa,pouco,pouco,muito baixo,muito baixo,muito boa,2,9,11,11
143,gabriel pereira,feminino,16,urbano,<=3 pessoas,juntos,fund. i,fund. i,do lar,do lar,curso,mae,menos de 15 min,menos de 2h,nenhuma,nao,nao,nao,nao,sim,sim,sim,nao,regular,bastante,bastante,medio,medio,muito ruim,2,14,14,13
144,gabriel pereira,masculino,17,urbano,>3 pessoas,juntos,fund. ii,fund. i,outro,outro,proximidade,mae,menos de 15 min,menos de 2h,3 ou mais,nao,sim,nao,nao,sim,sim,sim,nao,excelente,bastante,muito,muito baixo,baixo,muito boa,0,5,0,0
145,gabriel pereira,feminino,15,urbano,>3 pessoas,juntos,fund. i,fund. i,outro,servicos,curso,pai,menos de 15 min,2 a 5h,nenhuma,nao,sim,sim,nao,sim,sim,sim,nao,boa,bastante,pouco,muito baixo,baixo,muito boa,0,8,11,11
146,gabriel pereira,feminino,15,urbano,>3 pessoas,juntos,ensino medio,fund. ii,saude,servicos,proximidade,pai,menos de 15 min,2 a 5h,3 ou mais,nao,sim,nao,nao,sim,sim,sim,nao,regular,medio,pouco,muito baixo,muito baixo,regular,0,6,7,0
147,gabriel pereira,feminino,15,urbano,>3 pessoas,juntos,fund. i,fund. ii,do lar,outro,curso,mae,menos de 15 min,2 a 5h,nenhuma,nao,sim,sim,nao,nao,sim,sim,nao,boa,medio,pouco,muito baixo,muito baixo,muito boa,2,10,11,11
148,gabriel pereira,masculino,16,urbano,>3 pessoas,juntos,superior,superior,professor(a),professor(a),curso,mae,menos de 15 min,menos de 2h,nenhuma,nao,sim,nao,nao,sim,nao,sim,sim,regular,medio,pouco,baixo,muito baixo,muito boa,0,7,6,0
149,gabriel pereira,masculino,15,urbano,<=3 pessoas,separados,fund. ii,fund. i,servicos,outro,curso,mae,mais de 1h,menos de 2h,3 ou mais,nao,nao,nao,nao,sim,sim,sim,nao,boa,muito,muito,baixo,muito alto,muito boa,0,8,9,10
150,gabriel pereira,masculino,18,urbano,<=3 pessoas,juntos,fund. i,fund. i,outro,outro,curso,mae,menos de 15 min,menos de 2h,3 ou mais,nao,nao,nao,nao,sim,nao,sim,sim,ruim,medio,muito,baixo,muito alto,boa,0,6,5,0
151,gabriel pereira,masculino,16,urbano,<=3 pessoas,juntos,fund. ii,fund. i,do lar,outro,curso,mae,menos de 15 min,menos de 2h,1 vez,nao,nao,nao,sim,sim,sim,nao,sim,boa,bastante,bastante,medio,muito alto,muito boa,6,12,13,14
152,gabriel pereira,feminino,15,rural,>3 pessoas,juntos,ensino medio,ensino medio,servicos,servicos,reputacao,outro,15 a 30 min,5 a 10h,2 vezes,nao,sim,sim,sim,sim,sim,sim,sim,boa,pouco,muito pouco,baixo,medio,regular,8,10,10,10
153,gabriel pereira,masculino,19,urbano,>3 pessoas,juntos,ensino medio,fund. ii,servicos,do lar,proximidade,mae,menos de 15 min,menos de 2h,3 ou mais,nao,sim,nao,nao,sim,nao,sim,sim,boa,muito,bastante,muito baixo,muito baixo,boa,0,5,0,0
154,gabriel pereira,feminino,17,urbano,>3 pessoas,juntos,superior,superior,outro,professor(a),curso,mae,menos de 15 min,menos de 2h,nenhuma,sim,sim,nao,nao,sim,sim,nao,sim,boa,pouco,muito pouco,muito baixo,muito baixo,boa,0,11,11,12
155,gabriel pereira,masculino,15,rural,>3 pessoas,juntos,fund. ii,ensino medio,do lar,servicos,curso,mae,menos de 15 min,2 a 5h,nenhuma,sim,nao,sim,sim,sim,sim,nao,nao,boa,bastante,bastante,muito baixo,muito baixo,muito ruim,2,11,8,8
156,gabriel pereira,masculino,17,rural,<=3 pessoas,juntos,fund. i,fund. ii,outro,outro,reputacao,mae,menos de 15 min,menos de 2h,nenhuma,nao,nao,nao,nao,sim,sim,nao,nao,ruim,pouco,pouco,medio,medio,muito boa,8,16,12,13
157,gabriel pereira,feminino,18,rural,>3 pessoas,juntos,fund. i,fund. i,do lar,outro,curso,mae,30 min a 1h,menos de 2h,3 ou mais,nao,sim,nao,sim,nao,sim,nao,nao,excelente,pouco,muito,muito baixo,muito alto,boa,6,9,8,10
158,gabriel pereira,masculino,16,rural,>3 pessoas,juntos,fund. ii,fund. ii,do lar,outro,curso,mae,30 min a 1h,menos de 2h,nenhuma,nao,nao,nao,nao,nao,sim,nao,nao,boa,pouco,pouco,muito baixo,baixo,regular,2,17,15,15
159,gabriel pereira,masculino,16,urbano,>3 pessoas,juntos,ensino medio,ensino medio,outro,servicos,curso,pai,menos de 15 min,2 a 5h,1 vez,nao,sim,sim,nao,sim,sim,sim,sim,boa,muito,muito,alto,alto,muito boa,4,10,12,12
160,gabriel pereira,masculino,17,rural,<=3 pessoas,juntos,fund. ii,fund. i,do lar,outro,curso,mae,15 a 30 min,menos de 2h,2 vezes,nao,nao,nao,sim,sim,nao,sim,sim,regular,medio,pouco,baixo,baixo,muito boa,0,7,6,0
161,gabriel pereira,masculino,15,rural,>3 pessoas,juntos,ensino medio,fund. ii,outro,outro,curso,mae,15 a 30 min,2 a 5h,2 vezes,sim,sim,nao,nao,sim,sim,sim,sim,boa,bastante,bastante,muito baixo,alto,regular,6,5,9,7
162,gabriel pereira,masculino,16,urbano,<=3 pessoas,juntos,fund. i,fund. ii,outro,outro,curso,mae,15 a 30 min,menos de 2h,1 vez,nao,nao,nao,sim,sim,sim,nao,nao,boa,bastante,bastante,baixo,alto,muito boa,0,7,0,0
163,gabriel pereira,masculino,17,urbano,>3 pessoas,juntos,fund. i,ensino medio,do lar,servicos,curso,pai,menos de 15 min,menos de 2h,nenhuma,nao,nao,nao,nao,sim,nao,sim,nao,excelente,medio,medio,muito baixo,alto,ruim,2,10,10,10
164,gabriel pereira,masculino,17,rural,<=3 pessoas,juntos,fund. i,fund. i,outro,servicos,curso,mae,mais de 1h,2 a 5h,3 ou mais,nao,nao,nao,sim,sim,nao,nao,sim,excelente,medio,muito,muito baixo,muito alto,muito boa,0,5,8,7
165,gabriel pereira,masculino,16,urbano,>3 pessoas,juntos,ensino medio,fund. ii,servicos,servicos,curso,mae,15 a 30 min,menos de 2h,1 vez,nao,sim,nao,sim,nao,nao,nao,nao,boa,muito,pouco,muito baixo,muito baixo,ruim,16,12,11,12
166,gabriel pereira,masculino,16,urbano,>3 pessoas,juntos,fund. ii,fund. ii,outro,outro,curso,pai,menos de 15 min,2 a 5h,nenhuma,nao,nao,nao,nao,sim,nao,sim,nao,boa,medio,muito,baixo,alto,boa,4,10,10,10
167,gabriel pereira,feminino,16,urbano,>3 pessoas,juntos,superior,fund. ii,saude,servicos,proximidade,pai,menos de 15 min,2 a 5h,nenhuma,nao,nao,sim,nao,sim,sim,sim,sim,boa,pouco,medio,muito baixo,muito baixo,regular,0,14,15,16
168,gabriel pereira,feminino,16,urbano,>3 pessoas,juntos,fund. ii,fund. ii,outro,outro,proximidade,mae,menos de 15 min,2 a 5h,nenhuma,nao,sim,sim,nao,nao,sim,sim,nao,excelente,muito pouco,muito,muito baixo,muito baixo,boa,0,6,7,0
169,gabriel pereira,feminino,16,urbano,>3 pessoas,juntos,superior,superior,saude,saude,reputacao,mae,menos de 15 min,2 a 5h,nenhuma,nao,sim,sim,nao,sim,sim,sim,sim,boa,bastante,pouco,muito baixo,muito baixo,regular,0,14,14,14
170,gabriel pereira,masculino,16,urbano,>3 pessoas,juntos,ensino medio,superior,outro,outro,curso,pai,30 min a 1h,menos de 2h,2 vezes,nao,sim,nao,sim,nao,sim,sim,nao,regular,bastante,muito,baixo,alto,ruim,0,6,5,0
171,gabriel pereira,masculino,16,urbano,>3 pessoas,juntos,fund. i,sem educacao,outro,outro,reputacao,mae,15 a 30 min,2 a 5h,nenhuma,nao,sim,sim,sim,sim,sim,sim,sim,boa,medio,pouco,muito baixo,muito baixo,regular,2,13,15,16
172,gabriel pereira,masculino,17,urbano,<=3 pessoas,juntos,superior,superior,professor(a),outro,reputacao,mae,menos de 15 min,2 a 5h,nenhuma,nao,sim,sim,sim,sim,sim,sim,nao,boa,bastante,bastante,muito baixo,medio,muito boa,0,13,11,10
173,gabriel pereira,feminino,16,urbano,>3 pessoas,juntos,fund. i,ensino medio,do lar,servicos,proximidade,mae,menos de 15 min,2 a 5h,3 ou mais,nao,nao,nao,sim,nao,sim,sim,sim,boa,medio,muito,muito baixo,muito baixo,regular,0,8,7,0
174,gabriel pereira,feminino,16,urbano,<=3 pessoas,juntos,ensino medio,ensino medio,outro,outro,reputacao,mae,15 a 30 min,2 a 5h,nenhuma,nao,sim,sim,sim,sim,sim,sim,nao,boa,bastante,muito,muito baixo,muito baixo,boa,4,10,11,9
175,gabriel pereira,masculino,17,urbano,<=3 pessoas,juntos,superior,ensino medio,professor(a),outro,curso,mae,15 a 30 min,2 a 5h,nenhuma,nao,nao,sim,sim,sim,sim,sim,nao,boa,bastante,bastante,alto,alto,boa,4,10,9,9
176,gabriel pereira,feminino,16,urbano,>3 pessoas,juntos,fund. ii,fund. ii,servicos,outro,reputacao,mae,15 a 30 min,2 a 5h,nenhuma,nao,nao,sim,sim,nao,sim,sim,nao,regular,bastante,bastante,muito baixo,alto,muito boa,2,13,13,11
177,gabriel pereira,masculino,17,urbano,>3 pessoas,juntos,ensino medio,ensino medio,outro,outro,reputacao,pai,menos de 15 min,2 a 5h,nenhuma,nao,nao,nao,sim,nao,sim,sim,nao,boa,medio,bastante,muito baixo,alto,boa,4,6,5,6
178,gabriel pereira,masculino,16,rural,>3 pessoas,juntos,superior,fund. ii,professor(a),servicos,outro,mae,menos de 15 min,menos de 2h,nenhuma,nao,sim,nao,sim,sim,sim,sim,sim,boa,medio,medio,medio,alto,regular,10,10,8,9
179,gabriel pereira,masculino,17,urbano,>3 pessoas,juntos,superior,ensino medio,outro,outro,curso,mae,menos de 15 min,2 a 5h,nenhuma,nao,sim,nao,sim,sim,sim,sim,sim,excelente,pouco,medio,muito baixo,muito baixo,ruim,4,10,10,11
180,gabriel pereira,masculino,16,urbano,>3 pessoas,juntos,superior,ensino medio,professor(a),outro,proximidade,mae,menos de 15 min,2 a 5h,nenhuma,nao,sim,sim,sim,sim,sim,sim,nao,regular,bastante,medio,baixo,medio,regular,10,9,8,8
181,gabriel pereira,masculino,16,urbano,>3 pessoas,juntos,ensino medio,ensino medio,servicos,outro,proximidade,mae,menos de 15 min,2 a 5h,nenhuma,nao,nao,sim,sim,sim,sim,sim,sim,boa,pouco,medio,muito baixo,baixo,regular,2,12,13,12
182,gabriel pereira,feminino,17,urbano,>3 pessoas,juntos,fund. ii,superior,servicos,servicos,reputacao,pai,menos de 15 min,2 a 5h,nenhuma,nao,sim,nao,sim,sim,sim,nao,nao,excelente,bastante,pouco,baixo,medio,muito boa,0,16,17,17
183,gabriel pereira,feminino,17,urbano,<=3 pessoas,juntos,ensino medio,ensino medio,outro,outro,reputacao,mae,menos de 15 min,2 a 5h,nenhuma,nao,sim,nao,sim,sim,sim,sim,sim,excelente,medio,medio,baixo,medio,muito ruim,56,9,9,8
184,gabriel pereira,feminino,16,urbano,>3 pessoas,juntos,ensino medio,fund. ii,outro,outro,reputacao,mae,menos de 15 min,2 a 5h,nenhuma,nao,sim,sim,nao,sim,sim,sim,nao,muito ruim,pouco,pouco,muito baixo,baixo,muito ruim,14,12,13,12
185,gabriel pereira,masculino,17,urbano,>3 pessoas,juntos,ensino medio,ensino medio,servicos,servicos,outro,mae,menos de 15 min,2 a 5h,nenhuma,nao,sim,nao,sim,sim,sim,sim,sim,boa,medio,bastante,baixo,medio,boa,12,12,12,11
186,gabriel pereira,masculino,16,urbano,>3 pessoas,juntos,fund. i,fund. ii,servicos,servicos,outro,mae,menos de 15 min,menos de 2h,nenhuma,nao,sim,sim,sim,sim,sim,sim,sim,regular,medio,medio,muito baixo,baixo,regular,2,11,12,11
187,gabriel pereira,masculino,16,urbano,<=3 pessoas,juntos,fund. ii,fund. i,outro,outro,curso,mae,menos de 15 min,2 a 5h,nenhuma,nao,nao,sim,sim,sim,sim,sim,sim,boa,pouco,medio,muito baixo,baixo,muito boa,0,15,15,15
188,gabriel pereira,feminino,17,urbano,>3 pessoas,separados,ensino medio,ensino medio,saude,outro,reputacao,mae,menos de 15 min,2 a 5h,nenhuma,nao,sim,nao,nao,nao,sim,sim,sim,regular,medio,medio,muito baixo,medio,regular,6,8,7,9
189,gabriel pereira,masculino,17,rural,>3 pessoas,juntos,fund. i,fund. ii,do lar,outro,proximidade,mae,menos de 15 min,2 a 5h,nenhuma,nao,nao,nao,nao,sim,sim,nao,nao,regular,muito pouco,medio,muito baixo,muito alto,regular,4,8,9,10
190,gabriel pereira,feminino,16,urbano,>3 pessoas,juntos,fund. ii,ensino medio,servicos,servicos,curso,mae,menos de 15 min,2 a 5h,nenhuma,nao,nao,nao,nao,sim,sim,sim,nao,boa,medio,medio,muito baixo,muito baixo,ruim,10,11,12,13
191,gabriel pereira,feminino,17,urbano,>3 pessoas,juntos,fund. i,fund. i,do lar,servicos,curso,mae,menos de 15 min,2 a 5h,nenhuma,nao,nao,nao,sim,sim,sim,sim,nao,excelente,medio,medio,muito baixo,muito baixo,regular,0,8,8,9
192,gabriel pereira,masculino,17,urbano,>3 pessoas,juntos,fund. i,fund. ii,do lar,servicos,outro,outro,15 a 30 min,2 a 5h,nenhuma,nao,nao,sim,sim,nao,sim,sim,nao,boa,bastante,bastante,alto,muito alto,muito boa,12,7,8,8
193,gabriel pereira,masculino,16,rural,>3 pessoas,juntos,ensino medio,ensino medio,servicos,servicos,reputacao,mae,menos de 15 min,menos de 2h,nenhuma,nao,sim,nao,sim,sim,sim,sim,nao,boa,medio,pouco,medio,alto,muito boa,8,8,9,10
194,gabriel pereira,masculino,16,urbano,>3 pessoas,juntos,fund. ii,ensino medio,outro,outro,proximidade,pai,15 a 30 min,menos de 2h,nenhuma,nao,nao,nao,nao,sim,sim,sim,nao,excelente,medio,medio,muito baixo,muito baixo,regular,0,13,14,14
195,gabriel pereira,feminino,17,urbano,<=3 pessoas,juntos,fund. ii,superior,servicos,servicos,curso,pai,menos de 15 min,2 a 5h,nenhuma,nao,nao,nao,sim,sim,sim,sim,sim,boa,medio,pouco,muito baixo,muito baixo,muito boa,0,14,15,15
196,gabriel pereira,masculino,17,urbano,>3 pessoas,juntos,superior,superior,servicos,professor(a),proximidade,mae,menos de 15 min,menos de 2h,nenhuma,nao,nao,nao,nao,sim,sim,sim,nao,excelente,pouco,medio,muito baixo,baixo,muito boa,4,17,15,16
197,gabriel pereira,masculino,16,rural,<=3 pessoas,juntos,ensino medio,ensino medio,professor(a),outro,proximidade,pai,30 min a 1h,menos de 2h,nenhuma,nao,sim,sim,sim,sim,sim,sim,nao,regular,medio,bastante,medio,muito alto,regular,8,9,9,10
198,gabriel pereira,feminino,17,urbano,>3 pessoas,juntos,superior,superior,servicos,professor(a),proximidade,mae,15 a 30 min,menos de 2h,1 vez,nao,sim,nao,nao,sim,sim,sim,nao,boa,pouco,bastante,baixo,medio,ruim,24,18,18,18
199,gabriel pereira,feminino,16,urbano,<=3 pessoas,juntos,superior,superior,professor(a),professor(a),reputacao,mae,menos de 15 min,2 a 5h,nenhuma,nao,sim,sim,nao,sim,sim,sim,nao,boa,muito,pouco,muito baixo,baixo,regular,0,9,9,10
200,gabriel pereira,feminino,16,urbano,>3 pessoas,juntos,superior,ensino medio,saude,outro,proximidade,mae,menos de 15 min,2 a 5h,nenhuma,nao,sim,nao,sim,sim,sim,sim,nao,boa,medio,muito,muito baixo,muito alto,ruim,2,16,16,16
201,gabriel pereira,feminino,16,urbano,>3 pessoas,juntos,fund. ii,ensino medio,outro,outro,reputacao,mae,menos de 15 min,2 a 5h,nenhuma,sim,sim,sim,sim,sim,sim,nao,nao,boa,bastante,medio,muito baixo,medio,boa,6,8,10,10
202,gabriel pereira,feminino,17,urbano,>3 pessoas,juntos,fund. i,fund. i,outro,outro,curso,mae,menos de 15 min,2 a 5h,nenhuma,nao,sim,sim,nao,nao,sim,nao,nao,boa,bastante,bastante,muito baixo,medio,muito ruim,4,9,9,10
203,gabriel pereira,feminino,17,rural,>3 pessoas,juntos,fund. ii,fund. ii,outro,outro,reputacao,mae,menos de 15 min,menos de 2h,nenhuma,nao,sim,nao,nao,sim,sim,sim,nao,excelente,medio,pouco,muito baixo,baixo,regular,18,7,6,6
204,gabriel pereira,feminino,16,rural,>3 pessoas,juntos,fund. ii,fund. ii,servicos,servicos,reputacao,mae,15 a 30 min,mais de 10h,nenhuma,nao,sim,sim,sim,nao,sim,sim,nao,excelente,medio,muito,muito baixo,muito baixo,muito boa,6,10,10,11
205,gabriel pereira,feminino,17,urbano,>3 pessoas,juntos,ensino medio,superior,do lar,servicos,proximidade,mae,menos de 15 min,5 a 10h,1 vez,nao,sim,sim,nao,sim,sim,sim,sim,boa,bastante,medio,medio,alto,muito boa,28,10,9,9
206,gabriel pereira,feminino,16,urbano,>3 pessoas,separados,ensino medio,fund. i,servicos,outro,curso,mae,menos de 15 min,2 a 5h,3 ou mais,nao,sim,sim,nao,sim,sim,sim,nao,ruim,medio,medio,baixo,baixo,boa,5,7,7,7
207,gabriel pereira,feminino,16,urbano,>3 pessoas,juntos,superior,ensino medio,professor(a),outro,outro,mae,menos de 15 min,2 a 5h,nenhuma,nao,nao,sim,sim,sim,sim,sim,sim,muito ruim,medio,pouco,muito baixo,muito baixo,muito ruim,10,11,12,13
208,gabriel pereira,feminino,16,urbano,>3 pessoas,juntos,fund. i,fund. i,do lar,outro,proximidade,mae,15 a 30 min,menos de 2h,nenhuma,nao,sim,sim,nao,sim,sim,nao,nao,boa,medio,pouco,muito baixo,alto,muito boa,6,9,9,10
209,gabriel pereira,feminino,17,rural,>3 pessoas,juntos,superior,ensino medio,professor(a),outro,reputacao,mae,15 a 30 min,5 a 10h,nenhuma,nao,sim,sim,sim,sim,sim,sim,sim,boa,bastante,pouco,muito baixo,muito baixo,boa,6,7,7,7
210,gabriel pereira,feminino,19,urbano,>3 pessoas,juntos,ensino medio,ensino medio,outro,outro,reputacao,outro,menos de 15 min,mais de 10h,nenhuma,nao,sim,sim,sim,sim,sim,sim,nao,boa,medio,medio,muito baixo,baixo,regular,10,8,8,8
211,gabriel pereira,masculino,17,urbano,<=3 pessoas,juntos,superior,superior,servicos,outro,proximidade,mae,menos de 15 min,2 a 5h,nenhuma,nao,sim,sim,nao,sim,sim,sim,sim,excelente,medio,muito,alto,muito alto,regular,13,12,12,13
212,gabriel pereira,feminino,16,urbano,>3 pessoas,separados,fund. ii,fund. ii,outro,outro,reputacao,mae,menos de 15 min,2 a 5h,nenhuma,sim,sim,sim,nao,sim,sim,sim,nao,regular,medio,bastante,muito baixo,muito baixo,boa,0,12,13,14
213,gabriel pereira,masculino,18,urbano,>3 pessoas,juntos,fund. ii,fund. ii,servicos,outro,proximidade,mae,menos de 15 min,2 a 5h,1 vez,nao,sim,sim,sim,sim,sim,sim,nao,boa,bastante,bastante,baixo,alto,muito boa,15,6,7,8
214,gabriel pereira,feminino,17,rural,<=3 pessoas,juntos,superior,superior,servicos,outro,outro,mae,menos de 15 min,menos de 2h,nenhuma,nao,sim,sim,nao,sim,sim,nao,nao,excelente,pouco,muito pouco,muito baixo,baixo,regular,12,8,10,10
215,gabriel pereira,feminino,17,urbano,<=3 pessoas,juntos,ensino medio,fund. ii,outro,outro,reputacao,mae,15 a 30 min,2 a 5h,nenhuma,nao,nao,sim,nao,sim,sim,sim,nao,boa,bastante,bastante,muito baixo,medio,muito ruim,2,14,15,15
216,gabriel pereira,feminino,17,urbano,>3 pessoas,juntos,superior,ensino medio,outro,outro,reputacao,mae,menos de 15 min,2 a 5h,2 vezes,nao,nao,sim,nao,sim,sim,sim,sim,regular,bastante,muito,baixo,alto,muito ruim,22,6,6,4
217,gabriel pereira,masculino,18,urbano,<=3 pessoas,juntos,ensino medio,ensino medio,servicos,saude,proximidade,pai,menos de 15 min,2 a 5h,1 vez,nao,sim,sim,nao,sim,sim,sim,nao,regular,pouco,bastante,baixo,alto,boa,13,6,6,8
218,gabriel pereira,feminino,17,urbano,>3 pessoas,juntos,fund. ii,ensino medio,do lar,outro,proximidade,pai,15 a 30 min,menos de 2h,nenhuma,nao,sim,sim,nao,sim,sim,nao,nao,regular,medio,medio,muito baixo,alto,regular,3,7,7,8
219,gabriel pereira,feminino,17,urbano,>3 pessoas,juntos,fund. ii,fund. ii,do lar,do lar,curso,mae,menos de 15 min,5 a 10h,nenhuma,nao,sim,sim,sim,sim,sim,sim,nao,boa,medio,medio,muito baixo,muito baixo,boa,4,9,10,10
220,gabriel pereira,feminino,17,rural,>3 pessoas,juntos,fund. ii,fund. i,do lar,servicos,reputacao,mae,15 a 30 min,2 a 5h,nenhuma,nao,sim,nao,sim,sim,sim,sim,nao,boa,pouco,muito,muito baixo,baixo,muito boa,2,6,6,6
221,gabriel pereira,feminino,17,urbano,>3 pessoas,juntos,fund. i,fund. i,do lar,outro,reputacao,mae,menos de 15 min,5 a 10h,1 vez,nao,sim,nao,sim,sim,sim,nao,sim,boa,medio,bastante,muito baixo,muito baixo,muito boa,0,6,5,0
222,gabriel pereira,feminino,16,urbano,>3 pessoas,juntos,fund. ii,ensino medio,servicos,professor(a),outro,mae,menos de 15 min,2 a 5h,nenhuma,sim,nao,nao,nao,sim,sim,sim,nao,ruim,medio,muito pouco,muito baixo,muito baixo,regular,2,16,16,17
223,gabriel pereira,masculino,18,urbano,>3 pessoas,juntos,fund. ii,fund. ii,outro,outro,proximidade,mae,15 a 30 min,2 a 5h,nenhuma,nao,sim,sim,nao,sim,sim,sim,nao,regular,medio,medio,muito alto,muito alto,boa,0,12,13,13
224,gabriel pereira,feminino,16,urbano,>3 pessoas,juntos,superior,superior,professor(a),servicos,proximidade,mae,menos de 15 min,5 a 10h,nenhuma,nao,sim,nao,sim,nao,sim,sim,nao,excelente,medio,pouco,muito baixo,muito baixo,muito boa,0,13,13,14
225,gabriel pereira,feminino,18,rural,>3 pessoas,juntos,ensino medio,fund. i,outro,outro,reputacao,mae,menos de 15 min,2 a 5h,1 vez,nao,nao,nao,sim,sim,sim,sim,sim,excelente,medio,medio,muito baixo,muito baixo,boa,16,9,8,7
226,gabriel pereira,feminino,17,urbano,>3 pessoas,juntos,ensino medio,fund. ii,outro,outro,curso,mae,menos de 15 min,2 a 5h,nenhuma,nao,nao,nao,sim,nao,sim,sim,nao,excelente,medio,bastante,muito baixo,medio,regular,10,16,15,15
227,gabriel pereira,masculino,17,urbano,<=3 pessoas,juntos,fund. ii,ensino medio,servicos,servicos,reputacao,pai,menos de 15 min,2 a 5h,nenhuma,nao,sim,sim,nao,nao,sim,sim,nao,excelente,medio,medio,muito baixo,medio,regular,2,12,11,12
228,gabriel pereira,masculino,18,urbano,<=3 pessoas,juntos,fund. ii,fund. i,do lar,outro,curso,mae,mais de 1h,2 a 5h,nenhuma,sim,sim,sim,sim,sim,sim,sim,sim,boa,medio,pouco,alto,muito alto,regular,14,10,8,9
229,gabriel pereira,feminino,17,urbano,>3 pessoas,separados,fund. ii,fund. i,outro,outro,curso,mae,15 a 30 min,5 a 10h,nenhuma,nao,nao,nao,sim,sim,sim,sim,sim,regular,pouco,medio,muito baixo,baixo,regular,10,12,10,12
230,gabriel pereira,feminino,17,urbano,<=3 pessoas,juntos,superior,ensino medio,saude,outro,reputacao,pai,menos de 15 min,2 a 5h,nenhuma,nao,nao,nao,sim,sim,sim,sim,sim,regular,pouco,medio,muito baixo,baixo,regular,14,13,13,14
231,gabriel pereira,masculino,17,rural,>3 pessoas,juntos,fund. ii,fund. ii,outro,outro,curso,pai,15 a 30 min,2 a 5h,nenhuma,nao,sim,sim,sim,sim,sim,sim,nao,boa,muito,pouco,muito baixo,muito baixo,muito ruim,4,11,11,11
232,gabriel pereira,masculino,17,urbano,>3 pessoas,juntos,superior,superior,professor(a),professor(a),reputacao,mae,menos de 15 min,2 a 5h,nenhuma,sim,sim,nao,sim,sim,sim,sim,sim,boa,muito,muito,muito baixo,medio,ruim,14,11,9,9
233,gabriel pereira,masculino,16,urbano,>3 pessoas,juntos,superior,superior,saude,outro,reputacao,pai,menos de 15 min,2 a 5h,nenhuma,nao,sim,sim,sim,sim,sim,sim,nao,boa,pouco,bastante,baixo,alto,muito ruim,2,14,13,13
234,gabriel pereira,masculino,16,urbano,<=3 pessoas,juntos,fund. i,fund. i,outro,outro,proximidade,mae,15 a 30 min,2 a 5h,nenhuma,nao,sim,sim,nao,sim,sim,sim,nao,regular,bastante,pouco,muito baixo,muito baixo,muito boa,18,9,7,6
235,gabriel pereira,masculino,16,urbano,>3 pessoas,juntos,ensino medio,fund. ii,do lar,outro,reputacao,mae,15 a 30 min,5 a 10h,nenhuma,nao,nao,nao,sim,sim,sim,sim,sim,excelente,medio,medio,muito baixo,medio,ruim,10,11,9,10
236,gabriel pereira,masculino,17,urbano,<=3 pessoas,juntos,fund. ii,fund. ii,outro,outro,proximidade,pai,menos de 15 min,2 a 5h,nenhuma,nao,nao,sim,sim,nao,sim,sim,sim,boa,bastante,pouco,muito alto,muito alto,boa,4,14,13,13
237,gabriel pereira,feminino,16,urbano,>3 pessoas,juntos,fund. ii,fund. i,outro,outro,proximidade,mae,menos de 15 min,menos de 2h,nenhuma,nao,nao,nao,nao,sim,sim,sim,sim,boa,muito,pouco,muito baixo,muito baixo,muito boa,20,13,12,12
238,gabriel pereira,feminino,17,rural,>3 pessoas,juntos,fund. ii,fund. i,do lar,servicos,curso,mae,30 min a 1h,2 a 5h,nenhuma,nao,nao,nao,sim,sim,sim,nao,nao,ruim,muito pouco,muito pouco,muito baixo,muito baixo,regular,2,13,11,11
239,gabriel pereira,masculino,18,urbano,>3 pessoas,juntos,fund. ii,fund. ii,outro,servicos,reputacao,pai,menos de 15 min,2 a 5h,1 vez,nao,nao,nao,nao,sim,nao,sim,nao,excelente,muito,bastante,medio,muito alto,ruim,0,7,7,0
240,gabriel pereira,masculino,17,urbano,<=3 pessoas,juntos,superior,ensino medio,saude,outro,curso,mae,15 a 30 min,2 a 5h,nenhuma,nao,nao,nao,sim,sim,sim,sim,sim,ruim,muito,muito,muito baixo,alto,muito boa,14,12,12,12
241,gabriel pereira,masculino,17,rural,<=3 pessoas,separados,superior,superior,professor(a),outro,curso,mae,15 a 30 min,2 a 5h,nenhuma,nao,sim,sim,nao,sim,sim,sim,nao,regular,medio,medio,baixo,medio,boa,2,10,11,12
242,gabriel pereira,masculino,16,urbano,<=3 pessoas,juntos,superior,ensino medio,professor(a),outro,curso,mae,menos de 15 min,menos de 2h,nenhuma,nao,nao,nao,sim,nao,sim,sim,nao,excelente,bastante,muito,muito baixo,muito baixo,regular,0,6,0,0
243,gabriel pereira,masculino,16,urbano,>3 pessoas,juntos,superior,superior,servicos,servicos,curso,mae,menos de 15 min,menos de 2h,nenhuma,nao,nao,nao,sim,sim,sim,sim,nao,excelente,medio,pouco,muito baixo,baixo,muito boa,0,13,12,12
244,gabriel pereira,feminino,18,urbano,>3 pessoas,juntos,fund. ii,fund. i,outro,outro,curso,outro,15 a 30 min,5 a 10h,nenhuma,nao,sim,sim,nao,nao,sim,sim,sim,boa,bastante,bastante,muito baixo,muito baixo,regular,0,7,0,0
245,gabriel pereira,masculino,16,urbano,>3 pessoas,juntos,fund. ii,fund. i,outro,outro,curso,mae,30 min a 1h,menos de 2h,nenhuma,nao,nao,nao,nao,sim,sim,sim,nao,boa,medio,medio,muito baixo,muito baixo,boa,6,18,18,18
246,gabriel pereira,masculino,17,urbano,>3 pessoas,juntos,fund. ii,ensino medio,outro,outro,curso,pai,15 a 30 min,menos de 2h,nenhuma,nao,nao,nao,nao,sim,sim,sim,nao,excelente,pouco,pouco,muito baixo,muito baixo,ruim,4,12,12,13
247,gabriel pereira,masculino,22,urbano,>3 pessoas,juntos,ensino medio,fund. i,servicos,servicos,outro,mae,menos de 15 min,menos de 2h,3 ou mais,nao,nao,nao,nao,nao,nao,sim,sim,excelente,bastante,muito,muito alto,muito alto,muito ruim,16,6,8,8
248,gabriel pereira,masculino,18,rural,<=3 pessoas,juntos,ensino medio,ensino medio,outro,servicos,curso,mae,menos de 15 min,2 a 5h,1 vez,nao,sim,nao,nao,sim,sim,sim,sim,boa,medio,medio,muito baixo,medio,muito boa,8,3,5,5
249,gabriel pereira,masculino,16,urbano,>3 pessoas,juntos,sem educacao,fund. ii,outro,outro,outro,mae,menos de 15 min,menos de 2h,nenhuma,nao,nao,sim,nao,nao,sim,sim,nao,boa,medio,pouco,baixo,alto,muito boa,0,13,15,15
250,gabriel pereira,masculino,18,urbano,>3 pessoas,juntos,ensino medio,fund. ii,servicos,outro,curso,mae,15 a 30 min,menos de 2h,1 vez,nao,nao,nao,nao,sim,nao,sim,nao,boa,bastante,muito,baixo,alto,muito boa,0,6,8,8
251,gabriel pereira,masculino,16,urbano,>3 pessoas,juntos,ensino medio,ensino medio,do lar,outro,reputacao,outro,30 min a 1h,2 a 5h,nenhuma,sim,sim,nao,nao,nao,sim,sim,nao,excelente,medio,medio,muito baixo,medio,ruim,6,7,10,10
252,gabriel pereira,masculino,18,urbano,>3 pessoas,juntos,fund. ii,fund. i,servicos,servicos,outro,mae,menos de 15 min,menos de 2h,1 vez,nao,nao,nao,nao,nao,nao,sim,nao,regular,pouco,muito,baixo,muito alto,muito boa,4,6,9,8
253,gabriel pereira,masculino,16,rural,>3 pessoas,juntos,fund. ii,fund. i,outro,outro,curso,mae,15 a 30 min,menos de 2h,nenhuma,nao,nao,nao,sim,nao,sim,nao,nao,regular,medio,pouco,muito baixo,medio,regular,0,8,9,8
254,gabriel pereira,masculino,17,rural,>3 pessoas,juntos,fund. ii,fund. i,outro,outro,curso,mae,menos de 15 min,menos de 2h,nenhuma,nao,nao,nao,nao,nao,sim,sim,nao,boa,bastante,pouco,baixo,alto,muito boa,0,8,12,12
255,gabriel pereira,masculino,17,urbano,<=3 pessoas,juntos,fund. i,fund. i,saude,outro,curso,mae,15 a 30 min,menos de 2h,1 vez,nao,sim,nao,sim,sim,sim,sim,nao,boa,bastante,bastante,muito baixo,baixo,muito boa,2,7,9,8
256,gabriel pereira,feminino,17,urbano,<=3 pessoas,juntos,superior,fund. ii,professor(a),servicos,reputacao,mae,menos de 15 min,mais de 10h,nenhuma,nao,sim,sim,sim,sim,sim,sim,nao,boa,pouco,medio,muito baixo,muito baixo,boa,6,14,12,13
257,gabriel pereira,masculino,19,urbano,<=3 pessoas,separados,superior,ensino medio,servicos,do lar,reputacao,mae,menos de 15 min,2 a 5h,nenhuma,nao,sim,nao,nao,sim,sim,sim,nao,boa,medio,muito pouco,muito baixo,muito baixo,muito ruim,12,11,11,11
258,gabriel pereira,masculino,18,urbano,>3 pessoas,juntos,fund. ii,fund. i,outro,outro,proximidade,mae,menos de 15 min,2 a 5h,nenhuma,nao,nao,nao,sim,sim,sim,sim,nao,excelente,pouco,bastante,muito baixo,baixo,boa,8,15,14,14
259,gabriel pereira,feminino,17,urbano,<=3 pessoas,juntos,fund. ii,fund. ii,servicos,servicos,curso,pai,menos de 15 min,mais de 10h,nenhuma,nao,nao,sim,sim,sim,sim,sim,sim,regular,bastante,muito pouco,muito baixo,muito baixo,ruim,0,10,9,0
260,gabriel pereira,feminino,18,urbano,>3 pessoas,juntos,superior,ensino medio,servicos,outro,proximidade,pai,menos de 15 min,2 a 5h,nenhuma,nao,sim,sim,nao,sim,sim,sim,sim,regular,muito pouco,pouco,muito baixo,medio,ruim,21,17,18,18
261,gabriel pereira,masculino,18,urbano,>3 pessoas,juntos,superior,ensino medio,professor(a),outro,curso,mae,menos de 15 min,2 a 5h,nenhuma,nao,sim,sim,nao,nao,sim,sim,nao,boa,medio,pouco,muito baixo,muito baixo,regular,2,8,8,8
262,gabriel pereira,masculino,18,rural,>3 pessoas,juntos,ensino medio,fund. ii,outro,outro,curso,mae,menos de 15 min,5 a 10h,nenhuma,nao,nao,nao,sim,nao,sim,nao,nao,excelente,medio,pouco,muito baixo,muito baixo,regular,1,13,12,12
263,gabriel pereira,feminino,17,urbano,>3 pessoas,juntos,ensino medio,ensino medio,outro,outro,proximidade,mae,menos de 15 min,5 a 10h,nenhuma,nao,nao,nao,sim,nao,sim,nao,nao,regular,pouco,medio,muito baixo,muito baixo,boa,4,10,9,9
264,gabriel pereira,feminino,18,urbano,>3 pessoas,juntos,fund. ii,fund. ii,do lar,servicos,proximidade,mae,menos de 15 min,5 a 10h,nenhuma,nao,sim,sim,sim,sim,sim,sim,sim,boa,medio,medio,muito baixo,muito baixo,regular,0,9,10,0
265,gabriel pereira,masculino,18,rural,<=3 pessoas,separados,ensino medio,superior,outro,outro,reputacao,mae,15 a 30 min,2 a 5h,nenhuma,nao,sim,sim,sim,sim,sim,sim,nao,boa,pouco,muito,medio,alto,muito ruim,13,17,17,17
266,gabriel pereira,masculino,17,urbano,>3 pessoas,juntos,ensino medio,fund. i,servicos,outro,outro,mae,menos de 15 min,2 a 5h,nenhuma,nao,nao,sim,sim,sim,sim,sim,sim,excelente,bastante,bastante,medio,alto,muito boa,2,9,9,10
267,gabriel pereira,feminino,18,rural,>3 pessoas,juntos,superior,superior,professor(a),outro,reputacao,mae,15 a 30 min,2 a 5h,nenhuma,nao,nao,sim,sim,sim,sim,sim,nao,boa,medio,bastante,baixo,baixo,boa,8,12,10,11
268,gabriel pereira,masculino,18,urbano,>3 pessoas,juntos,superior,fund. ii,saude,outro,reputacao,pai,menos de 15 min,2 a 5h,nenhuma,nao,sim,sim,sim,sim,sim,sim,sim,excelente,bastante,muito,muito baixo,medio,muito boa,10,10,9,10
269,gabriel pereira,feminino,18,rural,>3 pessoas,juntos,fund. ii,fund. i,outro,outro,reputacao,mae,15 a 30 min,2 a 5h,nenhuma,nao,sim,nao,nao,sim,nao,sim,sim,boa,medio,muito,muito baixo,baixo,regular,0,6,0,0
270,gabriel pereira,feminino,19,urbano,>3 pessoas,juntos,ensino medio,ensino medio,outro,servicos,proximidade,outro,menos de 15 min,2 a 5h,2 vezes,nao,sim,sim,sim,sim,sim,sim,nao,boa,medio,muito,medio,medio,muito boa,15,9,9,9
271,gabriel pereira,feminino,18,urbano,>3 pessoas,juntos,fund. ii,ensino medio,outro,servicos,reputacao,pai,menos de 15 min,mais de 10h,nenhuma,nao,sim,sim,sim,sim,sim,sim,sim,boa,muito,muito,muito baixo,medio,ruim,4,15,14,14
272,gabriel pereira,feminino,18,urbano,<=3 pessoas,juntos,fund. i,fund. i,outro,outro,proximidade,mae,15 a 30 min,2 a 5h,nenhuma,nao,sim,sim,nao,nao,sim,nao,nao,boa,bastante,medio,muito baixo,muito baixo,regular,2,11,11,11
273,gabriel pereira,masculino,17,rural,>3 pessoas,juntos,fund. i,fund. ii,do lar,do lar,proximidade,mae,menos de 15 min,2 a 5h,nenhuma,nao,sim,sim,sim,nao,sim,nao,sim,regular,muito,pouco,baixo,baixo,muito ruim,2,15,14,14
274,gabriel pereira,feminino,17,urbano,>3 pessoas,juntos,fund. ii,superior,do lar,saude,reputacao,mae,15 a 30 min,2 a 5h,nenhuma,nao,sim,sim,nao,sim,sim,sim,sim,boa,medio,medio,muito baixo,muito baixo,muito ruim,2,10,10,10
275,gabriel pereira,feminino,17,urbano,<=3 pessoas,juntos,fund. ii,fund. ii,servicos,outro,curso,mae,15 a 30 min,2 a 5h,nenhuma,sim,sim,sim,nao,sim,sim,sim,sim,boa,bastante,bastante,baixo,medio,muito boa,6,12,12,12
276,gabriel pereira,feminino,18,rural,>3 pessoas,separados,ensino medio,fund. ii,outro,servicos,proximidade,mae,15 a 30 min,2 a 5h,nenhuma,nao,nao,nao,nao,nao,nao,sim,sim,boa,muito pouco,muito pouco,muito baixo,muito baixo,muito boa,75,10,9,9
277,gabriel pereira,masculino,18,urbano,>3 pessoas,juntos,superior,superior,professor(a),servicos,proximidade,mae,15 a 30 min,menos de 2h,nenhuma,nao,nao,sim,sim,sim,sim,sim,nao,regular,pouco,bastante,muito baixo,alto,regular,22,9,9,9
278,gabriel pereira,feminino,18,urbano,>3 pessoas,juntos,superior,superior,saude,saude,reputacao,pai,menos de 15 min,2 a 5h,1 vez,sim,sim,nao,sim,sim,sim,sim,sim,ruim,bastante,bastante,muito baixo,muito baixo,boa,15,9,8,8
279,gabriel pereira,masculino,18,urbano,<=3 pessoas,juntos,superior,ensino medio,professor(a),servicos,curso,mae,15 a 30 min,menos de 2h,nenhuma,nao,nao,sim,sim,sim,sim,sim,nao,boa,pouco,medio,muito baixo,baixo,muito ruim,8,10,11,10
280,gabriel pereira,masculino,17,urbano,<=3 pessoas,separados,superior,fund. i,servicos,outro,proximidade,mae,15 a 30 min,menos de 2h,nenhuma,nao,nao,sim,sim,sim,sim,sim,sim,boa,muito,bastante,baixo,alto,muito boa,30,8,8,8
281,gabriel pereira,masculino,17,urbano,<=3 pessoas,separados,ensino medio,fund. ii,professor(a),servicos,proximidade,mae,menos de 15 min,menos de 2h,1 vez,nao,nao,nao,nao,sim,sim,sim,nao,boa,bastante,bastante,medio,alto,regular,19,11,9,10
282,gabriel pereira,feminino,18,rural,<=3 pessoas,juntos,fund. i,fund. i,do lar,outro,reputacao,mae,15 a 30 min,mais de 10h,nenhuma,nao,sim,sim,sim,sim,sim,nao,nao,excelente,pouco,pouco,muito baixo,muito baixo,regular,1,12,12,12
283,gabriel pereira,feminino,18,urbano,>3 pessoas,juntos,fund. i,fund. i,outro,outro,proximidade,mae,15 a 30 min,2 a 5h,nenhuma,sim,nao,nao,sim,sim,sim,sim,nao,excelente,bastante,bastante,muito baixo,muito baixo,boa,4,8,9,10
284,gabriel pereira,feminino,17,urbano,>3 pessoas,juntos,fund. ii,fund. ii,outro,outro,curso,mae,menos de 15 min,2 a 5h,nenhuma,nao,sim,nao,nao,nao,sim,sim,nao,excelente,bastante,muito,muito baixo,baixo,muito boa,4,10,9,11
285,gabriel pereira,masculino,17,urbano,>3 pessoas,juntos,fund. i,fund. i,outro,outro,reputacao,pai,menos de 15 min,2 a 5h,nenhuma,nao,nao,sim,nao,nao,sim,sim,nao,boa,medio,medio,muito baixo,baixo,boa,2,12,10,11
286,gabriel pereira,feminino,18,urbano,>3 pessoas,juntos,fund. ii,fund. ii,do lar,do lar,outro,mae,menos de 15 min,5 a 10h,nenhuma,nao,sim,sim,nao,sim,sim,sim,nao,boa,medio,medio,muito baixo,baixo,ruim,5,18,18,19
287,gabriel pereira,feminino,17,urbano,>3 pessoas,juntos,fund. i,fund. i,servicos,professor(a),reputacao,mae,menos de 15 min,5 a 10h,nenhuma,nao,sim,sim,nao,sim,sim,sim,nao,boa,medio,medio,muito baixo,muito baixo,regular,6,13,12,12
288,gabriel pereira,masculino,18,urbano,>3 pessoas,juntos,fund. ii,fund. i,servicos,servicos,reputacao,mae,menos de 15 min,5 a 10h,nenhuma,nao,nao,sim,sim,sim,sim,sim,nao,boa,pouco,bastante,muito baixo,medio,ruim,6,15,14,14
289,gabriel pereira,masculino,18,urbano,<=3 pessoas,separados,superior,superior,professor(a),professor(a),reputacao,mae,menos de 15 min,2 a 5h,nenhuma,nao,sim,sim,sim,sim,sim,sim,nao,excelente,bastante,medio,muito baixo,muito baixo,ruim,9,15,13,15
290,gabriel pereira,masculino,18,urbano,>3 pessoas,juntos,superior,fund. ii,professor(a),outro,proximidade,mae,menos de 15 min,2 a 5h,nenhuma,nao,sim,sim,sim,sim,sim,sim,sim,boa,medio,pouco,muito baixo,alto,muito boa,11,12,11,11
291,gabriel pereira,feminino,17,urbano,>3 pessoas,juntos,superior,ensino medio,saude,servicos,reputacao,mae,menos de 15 min,5 a 10h,nenhuma,nao,sim,sim,nao,sim,sim,sim,nao,boa,pouco,pouco,muito baixo,baixo,regular,0,15,15,15
292,gabriel pereira,feminino,18,urbano,<=3 pessoas,juntos,fund. ii,fund. i,servicos,do lar,reputacao,mae,menos de 15 min,2 a 5h,1 vez,nao,nao,nao,nao,sim,sim,sim,sim,excelente,bastante,medio,muito baixo,muito baixo,muito boa,12,12,12,13
293,gabriel pereira,feminino,17,rural,<=3 pessoas,juntos,ensino medio,fund. i,servicos,outro,reputacao,mae,15 a 30 min,mais de 10h,nenhuma,nao,sim,sim,nao,sim,sim,nao,nao,regular,muito pouco,pouco,muito baixo,muito baixo,regular,6,18,18,18
294,gabriel pereira,masculino,18,rural,<=3 pessoas,juntos,ensino medio,fund. ii,servicos,outro,reputacao,mae,15 a 30 min,5 a 10h,nenhuma,nao,sim,sim,sim,sim,sim,sim,nao,excelente,bastante,pouco,muito baixo,muito baixo,boa,8,14,13,14
295,gabriel pereira,masculino,17,urbano,>3 pessoas,juntos,ensino medio,ensino medio,saude,outro,proximidade,mae,menos de 15 min,menos de 2h,nenhuma,nao,sim,sim,nao,sim,sim,sim,nao,boa,bastante,medio,muito baixo,medio,muito boa,4,14,12,11
296,gabriel pereira,feminino,19,urbano,>3 pessoas,juntos,superior,superior,saude,outro,reputacao,outro,15 a 30 min,2 a 5h,nenhuma,nao,sim,sim,sim,sim,sim,sim,nao,ruim,medio,bastante,baixo,medio,ruim,0,10,9,0
297,gabriel pereira,feminino,18,urbano,<=3 pessoas,juntos,superior,ensino medio,outro,outro,proximidade,outro,15 a 30 min,2 a 5h,nenhuma,nao,sim,sim,nao,sim,sim,sim,sim,boa,bastante,muito,muito baixo,baixo,ruim,10,10,8,8
298,gabriel pereira,feminino,18,urbano,>3 pessoas,juntos,superior,ensino medio,outro,outro,reputacao,pai,menos de 15 min,mais de 10h,nenhuma,nao,sim,sim,nao,sim,sim,sim,nao,boa,medio,medio,muito baixo,muito baixo,regular,0,14,13,14
299,gabriel pereira,masculino,18,urbano,<=3 pessoas,juntos,superior,superior,professor(a),professor(a),proximidade,mae,menos de 15 min,menos de 2h,nenhuma,nao,sim,sim,nao,sim,sim,sim,sim,muito ruim,bastante,pouco,baixo,baixo,muito ruim,5,16,15,16
300,gabriel pereira,feminino,18,urbano,<=3 pessoas,separados,superior,superior,saude,outro,proximidade,mae,menos de 15 min,2 a 5h,nenhuma,nao,sim,nao,nao,sim,sim,sim,sim,boa,pouco,bastante,muito baixo,muito baixo,boa,14,12,10,11
301,gabriel pereira,masculino,17,urbano,<=3 pessoas,juntos,superior,superior,outro,professor(a),proximidade,pai,15 a 30 min,menos de 2h,nenhuma,nao,nao,sim,nao,sim,sim,sim,nao,boa,muito pouco,muito pouco,baixo,baixo,muito boa,0,11,11,10
302,gabriel pereira,feminino,17,urbano,>3 pessoas,juntos,superior,fund. ii,outro,outro,reputacao,mae,15 a 30 min,5 a 10h,nenhuma,nao,sim,sim,nao,sim,sim,sim,nao,boa,medio,medio,muito baixo,muito baixo,regular,0,15,12,14
303,gabriel pereira,feminino,17,urbano,>3 pessoas,juntos,ensino medio,fund. ii,saude,saude,reputacao,pai,menos de 15 min,mais de 10h,nenhuma,nao,sim,sim,sim,nao,sim,sim,nao,excelente,pouco,pouco,muito baixo,baixo,muito boa,0,17,17,18
304,gabriel pereira,masculino,19,urbano,>3 pessoas,juntos,ensino medio,ensino medio,outro,outro,proximidade,outro,menos de 15 min,2 a 5h,1 vez,nao,sim,nao,sim,sim,sim,sim,sim,boa,bastante,bastante,muito baixo,muito baixo,regular,20,15,14,13
305,gabriel pereira,feminino,18,urbano,>3 pessoas,juntos,fund. ii,superior,servicos,do lar,reputacao,outro,menos de 15 min,2 a 5h,1 vez,nao,sim,sim,sim,sim,sim,sim,nao,boa,bastante,medio,muito baixo,muito baixo,regular,8,14,12,12
306,gabriel pereira,masculino,20,urbano,>3 pessoas,separados,ensino medio,fund. ii,servicos,outro,curso,outro,menos de 15 min,menos de 2h,nenhuma,nao,nao,nao,sim,sim,sim,nao,nao,excelente,muito,medio,muito baixo,muito baixo,muito boa,0,17,18,18
307,gabriel pereira,masculino,19,urbano,>3 pessoas,juntos,superior,superior,professor(a),servicos,reputacao,outro,15 a 30 min,menos de 2h,1 vez,nao,sim,sim,nao,sim,sim,sim,sim,boa,medio,bastante,muito baixo,muito baixo,boa,38,8,9,8
308,gabriel pereira,masculino,19,rural,>3 pessoas,juntos,ensino medio,ensino medio,outro,servicos,reputacao,pai,menos de 15 min,2 a 5h,1 vez,nao,nao,nao,sim,sim,sim,nao,sim,boa,muito,medio,muito baixo,baixo,muito boa,0,15,12,12
309,gabriel pereira,feminino,19,urbano,<=3 pessoas,juntos,fund. i,fund. i,do lar,outro,reputacao,outro,menos de 15 min,2 a 5h,1 vez,sim,sim,nao,sim,nao,sim,sim,nao,boa,bastante,medio,muito baixo,medio,regular,18,12,10,10
310,gabriel pereira,feminino,19,urbano,<=3 pessoas,juntos,fund. i,fund. ii,servicos,servicos,proximidade,outro,menos de 15 min,2 a 5h,1 vez,nao,nao,nao,sim,nao,sim,nao,sim,boa,pouco,bastante,baixo,baixo,regular,0,9,9,0
311,gabriel pereira,feminino,19,urbano,>3 pessoas,juntos,fund. ii,fund. i,do lar,outro,outro,outro,30 min a 1h,2 a 5h,nenhuma,nao,sim,nao,nao,sim,nao,sim,sim,regular,bastante,muito pouco,muito baixo,muito baixo,ruim,20,14,12,13
312,gabriel pereira,masculino,19,urbano,>3 pessoas,juntos,fund. i,fund. ii,outro,servicos,curso,outro,menos de 15 min,2 a 5h,1 vez,nao,nao,nao,nao,nao,sim,sim,nao,boa,muito,pouco,baixo,baixo,boa,3,13,11,11
313,gabriel pereira,feminino,19,urbano,<=3 pessoas,juntos,ensino medio,fund. ii,servicos,outro,reputacao,outro,15 a 30 min,2 a 5h,1 vez,nao,sim,sim,nao,nao,sim,sim,sim,boa,pouco,pouco,muito baixo,baixo,muito ruim,22,13,10,11
314,gabriel pereira,feminino,19,urbano,>3 pessoas,juntos,fund. i,fund. i,do lar,saude,proximidade,outro,menos de 15 min,5 a 10h,2 vezes,nao,nao,nao,nao,nao,sim,sim,sim,boa,muito pouco,pouco,muito baixo,muito baixo,regular,14,15,13,13
315,gabriel pereira,feminino,19,rural,>3 pessoas,juntos,fund. ii,ensino medio,outro,outro,reputacao,outro,menos de 15 min,5 a 10h,1 vez,nao,nao,nao,nao,sim,sim,sim,sim,boa,muito pouco,pouco,muito baixo,muito baixo,regular,40,13,11,11
316,gabriel pereira,feminino,18,urbano,>3 pessoas,juntos,fund. ii,fund. i,servicos,outro,curso,mae,15 a 30 min,2 a 5h,nenhuma,nao,sim,sim,sim,sim,sim,sim,nao,excelente,medio,medio,muito baixo,baixo,muito ruim,0,8,8,0
317,gabriel pereira,feminino,18,urbano,>3 pessoas,juntos,superior,ensino medio,outro,outro,curso,mae,menos de 15 min,5 a 10h,nenhuma,nao,sim,sim,sim,sim,sim,sim,sim,boa,medio,bastante,muito baixo,muito baixo,muito boa,9,9,10,9
318,gabriel pereira,feminino,17,rural,>3 pessoas,juntos,ensino medio,superior,do lar,servicos,curso,pai,menos de 15 min,5 a 10h,nenhuma,nao,sim,sim,sim,nao,sim,sim,nao,boa,medio,bastante,baixo,muito alto,muito boa,0,11,11,10
319,gabriel pereira,feminino,18,urbano,>3 pessoas,juntos,superior,superior,professor(a),outro,curso,mae,menos de 15 min,2 a 5h,nenhuma,nao,sim,sim,nao,sim,sim,sim,nao,boa,bastante,bastante,medio,medio,muito boa,2,11,11,11
320,gabriel pereira,feminino,17,urbano,>3 pessoas,separados,superior,ensino medio,servicos,servicos,curso,mae,menos de 15 min,2 a 5h,nenhuma,nao,sim,sim,nao,sim,sim,sim,sim,excelente,pouco,pouco,muito baixo,baixo,muito boa,23,13,13,13
321,gabriel pereira,feminino,17,urbano,>3 pessoas,juntos,fund. ii,fund. ii,outro,outro,curso,mae,menos de 15 min,2 a 5h,nenhuma,nao,sim,nao,nao,sim,sim,nao,sim,boa,pouco,pouco,muito baixo,muito baixo,regular,12,11,9,9
322,gabriel pereira,feminino,17,rural,<=3 pessoas,juntos,fund. ii,fund. ii,servicos,servicos,curso,mae,menos de 15 min,5 a 10h,nenhuma,nao,sim,sim,sim,sim,sim,sim,nao,regular,medio,pouco,baixo,baixo,regular,3,11,11,11
323,gabriel pereira,feminino,17,urbano,>3 pessoas,juntos,ensino medio,fund. i,servicos,servicos,curso,pai,menos de 15 min,5 a 10h,nenhuma,nao,sim,nao,nao,nao,sim,sim,nao,regular,bastante,medio,baixo,medio,muito boa,1,12,14,15
324,gabriel pereira,feminino,17,urbano,<=3 pessoas,juntos,sem educacao,fund. ii,do lar,do lar,proximidade,pai,15 a 30 min,5 a 10h,nenhuma,nao,nao,nao,nao,sim,sim,sim,nao,regular,medio,medio,baixo,medio,ruim,0,16,15,15
325,gabriel pereira,masculino,18,urbano,>3 pessoas,juntos,superior,superior,outro,outro,curso,mae,menos de 15 min,5 a 10h,nenhuma,nao,nao,nao,sim,sim,sim,sim,nao,boa,medio,medio,baixo,baixo,regular,3,9,12,11
326,gabriel pereira,masculino,17,urbano,>3 pessoas,juntos,ensino medio,ensino medio,outro,servicos,reputacao,mae,menos de 15 min,menos de 2h,nenhuma,nao,nao,nao,sim,nao,sim,sim,nao,boa,medio,muito,medio,muito alto,muito boa,3,14,15,16
327,gabriel pereira,masculino,17,rural,>3 pessoas,juntos,fund. ii,fund. ii,servicos,outro,curso,mae,mais de 1h,menos de 2h,nenhuma,nao,sim,nao,nao,sim,sim,sim,nao,boa,bastante,muito,muito alto,muito alto,boa,8,11,10,10
328,gabriel pereira,feminino,17,urbano,>3 pessoas,juntos,superior,superior,professor(a),servicos,curso,mae,menos de 15 min,5 a 10h,nenhuma,nao,sim,sim,sim,sim,sim,sim,nao,excelente,bastante,bastante,muito baixo,medio,boa,7,10,9,9
329,gabriel pereira,feminino,17,urbano,>3 pessoas,juntos,superior,superior,professor(a),professor(a),curso,mae,15 a 30 min,5 a 10h,nenhuma,nao,sim,sim,nao,nao,sim,sim,sim,boa,medio,medio,muito baixo,baixo,boa,4,14,14,14
330,gabriel pereira,masculino,18,urbano,<=3 pessoas,juntos,fund. ii,fund. ii,outro,outro,curso,mae,menos de 15 min,mais de 10h,nenhuma,nao,sim,nao,sim,sim,sim,sim,nao,boa,muito,muito,baixo,alto,muito boa,2,9,8,8
331,gabriel pereira,feminino,17,rural,>3 pessoas,juntos,fund. ii,superior,do lar,outro,curso,pai,menos de 15 min,5 a 10h,nenhuma,nao,sim,nao,nao,sim,sim,sim,sim,boa,bastante,medio,muito baixo,muito baixo,muito boa,7,12,14,14
332,gabriel pereira,feminino,18,urbano,>3 pessoas,juntos,ensino medio,ensino medio,servicos,servicos,proximidade,mae,menos de 15 min,2 a 5h,nenhuma,nao,nao,nao,sim,sim,sim,sim,nao,excelente,medio,bastante,muito baixo,muito baixo,boa,0,7,0,0
333,gabriel pereira,feminino,18,urbano,<=3 pessoas,juntos,fund. ii,fund. ii,outro,outro,proximidade,outro,menos de 15 min,2 a 5h,nenhuma,nao,nao,nao,sim,nao,sim,sim,sim,boa,medio,medio,muito baixo,muito baixo,ruim,0,8,8,0
334,gabriel pereira,feminino,18,rural,>3 pessoas,juntos,fund. ii,fund. ii,do lar,outro,curso,mae,15 a 30 min,mais de 10h,nenhuma,nao,nao,nao,sim,sim,sim,nao,nao,boa,bastante,bastante,muito baixo,muito baixo,boa,0,10,9,0
335,gabriel pereira,feminino,17,urbano,>3 pessoas,juntos,ensino medio,superior,servicos,outro,curso,mae,menos de 15 min,5 a 10h,nenhuma,nao,nao,nao,nao,sim,sim,sim,nao,boa,bastante,muito,muito baixo,medio,muito boa,16,16,15,15
336,gabriel pereira,feminino,19,rural,>3 pessoas,separados,ensino medio,fund. i,servicos,do lar,proximidade,outro,menos de 15 min,5 a 10h,1 vez,nao,nao,sim,nao,sim,sim,nao,nao,excelente,bastante,medio,muito baixo,baixo,muito boa,12,14,13,13
337,gabriel pereira,feminino,17,urbano,>3 pessoas,juntos,ensino medio,fund. ii,outro,outro,proximidade,mae,menos de 15 min,2 a 5h,nenhuma,nao,sim,sim,nao,sim,sim,sim,sim,boa,medio,pouco,baixo,medio,ruim,0,7,8,0
338,gabriel pereira,feminino,18,urbano,<=3 pessoas,juntos,ensino medio,ensino medio,servicos,servicos,proximidade,mae,menos de 15 min,mais de 10h,nenhuma,nao,sim,nao,nao,sim,sim,sim,nao,excelente,medio,medio,muito baixo,muito baixo,muito ruim,7,16,15,17
339,gabriel pereira,feminino,17,rural,>3 pessoas,separados,ensino medio,fund. ii,outro,outro,proximidade,mae,menos de 15 min,2 a 5h,nenhuma,nao,sim,sim,nao,sim,sim,sim,nao,boa,medio,medio,baixo,medio,ruim,4,9,10,10
340,gabriel pereira,feminino,19,urbano,>3 pessoas,juntos,fund. ii,fund. i,servicos,servicos,proximidade,outro,menos de 15 min,5 a 10h,1 vez,nao,nao,sim,sim,sim,sim,sim,sim,boa,medio,bastante,muito baixo,medio,regular,4,11,12,11
341,gabriel pereira,masculino,18,urbano,>3 pessoas,juntos,superior,superior,professor(a),servicos,proximidade,pai,menos de 15 min,2 a 5h,1 vez,nao,sim,nao,sim,sim,sim,sim,nao,boa,medio,medio,baixo,baixo,ruim,0,10,10,0
342,gabriel pereira,masculino,18,urbano,<=3 pessoas,juntos,ensino medio,superior,servicos,outro,proximidade,mae,menos de 15 min,2 a 5h,nenhuma,nao,nao,nao,sim,sim,sim,sim,sim,boa,medio,medio,muito baixo,medio,muito boa,11,16,15,15
343,gabriel pereira,feminino,17,urbano,>3 pessoas,separados,fund. ii,fund. ii,do lar,do lar,proximidade,pai,menos de 15 min,2 a 5h,1 vez,nao,sim,nao,nao,sim,sim,sim,sim,regular,medio,muito pouco,muito baixo,baixo,boa,0,9,8,0
344,gabriel pereira,feminino,18,urbano,>3 pessoas,juntos,fund. ii,ensino medio,do lar,outro,curso,mae,menos de 15 min,5 a 10h,nenhuma,nao,sim,nao,nao,sim,sim,sim,nao,boa,medio,medio,muito baixo,baixo,regular,4,11,10,10
345,gabriel pereira,feminino,18,urbano,>3 pessoas,juntos,ensino medio,fund. ii,outro,servicos,outro,mae,menos de 15 min,5 a 10h,nenhuma,nao,nao,nao,nao,sim,sim,sim,sim,excelente,bastante,medio,baixo,medio,muito ruim,7,13,13,14
346,gabriel pereira,masculino,18,rural,>3 pessoas,juntos,superior,ensino medio,professor(a),servicos,curso,mae,menos de 15 min,5 a 10h,nenhuma,nao,nao,nao,nao,sim,sim,sim,sim,excelente,medio,pouco,muito baixo,baixo,boa,9,16,15,16
347,gabriel pereira,masculino,18,urbano,>3 pessoas,juntos,superior,ensino medio,professor(a),outro,curso,mae,menos de 15 min,5 a 10h,nenhuma,nao,sim,sim,nao,sim,sim,sim,sim,excelente,bastante,muito,baixo,medio,muito boa,0,10,10,9
348,gabriel pereira,feminino,17,urbano,>3 pessoas,juntos,superior,ensino medio,saude,outro,reputacao,mae,menos de 15 min,5 a 10h,nenhuma,nao,sim,sim,sim,sim,sim,sim,sim,boa,bastante,medio,muito baixo,medio,boa,0,13,15,15
349,mousinho da silveira,masculino,18,rural,>3 pessoas,juntos,ensino medio,fund. ii,outro,outro,curso,mae,15 a 30 min,menos de 2h,1 vez,nao,sim,nao,nao,nao,sim,sim,nao,ruim,muito,muito,muito alto,muito alto,muito boa,10,11,13,13
350,mousinho da silveira,masculino,19,rural,>3 pessoas,juntos,fund. i,fund. i,outro,servicos,proximidade,outro,30 min a 1h,2 a 5h,3 ou mais,nao,nao,nao,nao,sim,sim,sim,nao,excelente,bastante,bastante,medio,medio,ruim,8,8,7,8
351,mousinho da silveira,masculino,17,urbano,>3 pessoas,juntos,ensino medio,ensino medio,saude,outro,curso,mae,15 a 30 min,2 a 5h,nenhuma,nao,sim,sim,nao,sim,sim,sim,nao,boa,muito,bastante,baixo,medio,regular,2,13,13,13
352,mousinho da silveira,masculino,18,urbano,<=3 pessoas,juntos,fund. i,ensino medio,do lar,servicos,curso,mae,menos de 15 min,menos de 2h,1 vez,nao,nao,nao,nao,sim,nao,sim,sim,boa,medio,medio,baixo,medio,regular,7,8,7,8
353,mousinho da silveira,masculino,19,rural,>3 pessoas,juntos,fund. i,fund. i,outro,outro,proximidade,outro,30 min a 1h,menos de 2h,1 vez,nao,sim,nao,nao,sim,sim,sim,nao,boa,bastante,bastante,medio,medio,muito boa,4,8,8,8
354,mousinho da silveira,masculino,17,rural,>3 pessoas,juntos,superior,ensino medio,servicos,outro,proximidade,mae,15 a 30 min,2 a 5h,nenhuma,nao,sim,sim,sim,nao,sim,sim,sim,boa,muito,muito,muito baixo,medio,ruim,4,13,11,11
355,mousinho da silveira,feminino,18,urbano,>3 pessoas,juntos,ensino medio,ensino medio,servicos,servicos,curso,pai,menos de 15 min,2 a 5h,nenhuma,nao,sim,nao,nao,sim,sim,nao,sim,excelente,medio,bastante,muito baixo,muito baixo,muito boa,0,10,9,9
356,mousinho da silveira,feminino,17,rural,>3 pessoas,juntos,superior,superior,professor(a),servicos,outro,pai,15 a 30 min,2 a 5h,nenhuma,nao,sim,sim,sim,sim,sim,sim,nao,boa,medio,medio,muito baixo,baixo,muito boa,4,12,13,13
357,mousinho da silveira,feminino,17,urbano,<=3 pessoas,separados,ensino medio,fund. ii,servicos,outro,reputacao,mae,15 a 30 min,2 a 5h,nenhuma,nao,nao,nao,nao,sim,sim,nao,sim,muito ruim,pouco,medio,muito baixo,baixo,muito boa,2,12,12,11
358,mousinho da silveira,masculino,18,urbano,<=3 pessoas,juntos,fund. i,fund. i,outro,servicos,proximidade,pai,15 a 30 min,menos de 2h,nenhuma,nao,nao,nao,nao,nao,sim,sim,sim,regular,medio,pouco,muito baixo,baixo,regular,4,10,10,10
359,mousinho da silveira,feminino,18,urbano,<=3 pessoas,juntos,fund. i,fund. i,do lar,servicos,curso,pai,15 a 30 min,5 a 10h,nenhuma,nao,nao,nao,nao,sim,sim,sim,nao,excelente,medio,pouco,muito baixo,muito baixo,boa,0,18,16,16
360,mousinho da silveira,feminino,18,rural,<=3 pessoas,separados,fund. i,superior,do lar,outro,curso,mae,30 min a 1h,2 a 5h,nenhuma,nao,nao,nao,nao,sim,sim,nao,sim,boa,medio,bastante,muito baixo,alto,muito boa,0,13,13,13
361,mousinho da silveira,masculino,18,rural,<=3 pessoas,juntos,fund. i,fund. i,do lar,outro,outro,mae,15 a 30 min,2 a 5h,1 vez,nao,nao,nao,sim,nao,nao,nao,nao,boa,bastante,medio,baixo,medio,muito boa,2,13,12,12
362,mousinho da silveira,feminino,18,urbano,>3 pessoas,juntos,ensino medio,ensino medio,servicos,servicos,outro,mae,15 a 30 min,2 a 5h,nenhuma,nao,sim,nao,nao,sim,sim,sim,sim,boa,medio,pouco,muito baixo,medio,regular,0,11,11,10
363,mousinho da silveira,feminino,17,urbano,<=3 pessoas,juntos,superior,superior,do lar,do lar,curso,mae,menos de 15 min,2 a 5h,nenhuma,nao,sim,sim,sim,sim,sim,sim,sim,ruim,medio,bastante,muito baixo,muito baixo,muito ruim,0,16,15,15
364,mousinho da silveira,feminino,17,rural,>3 pessoas,juntos,fund. i,fund. ii,outro,servicos,curso,pai,15 a 30 min,2 a 5h,nenhuma,nao,nao,nao,nao,nao,sim,nao,nao,regular,pouco,pouco,muito baixo,baixo,regular,0,12,11,12
365,mousinho da silveira,masculino,18,rural,>3 pessoas,juntos,fund. i,ensino medio,do lar,outro,curso,mae,15 a 30 min,2 a 5h,nenhuma,nao,sim,sim,nao,sim,sim,nao,nao,regular,medio,bastante,baixo,alto,regular,4,10,10,10
366,mousinho da silveira,masculino,18,urbano,<=3 pessoas,juntos,superior,superior,professor(a),servicos,outro,mae,15 a 30 min,5 a 10h,nenhuma,nao,nao,sim,nao,sim,sim,sim,sim,boa,pouco,pouco,baixo,baixo,muito boa,0,13,13,13
367,mousinho da silveira,feminino,17,rural,>3 pessoas,juntos,fund. i,fund. i,outro,servicos,reputacao,mae,30 min a 1h,menos de 2h,1 vez,nao,sim,sim,nao,sim,sim,sim,sim,excelente,pouco,muito pouco,muito baixo,baixo,muito ruim,0,7,6,0
368,mousinho da silveira,feminino,18,urbano,>3 pessoas,juntos,fund. ii,ensino medio,do lar,servicos,curso,pai,15 a 30 min,menos de 2h,nenhuma,nao,sim,sim,nao,sim,sim,sim,sim,excelente,pouco,medio,muito baixo,baixo,boa,0,11,10,10
369,mousinho da silveira,feminino,18,rural,>3 pessoas,juntos,superior,superior,outro,professor(a),outro,pai,30 min a 1h,2 a 5h,nenhuma,nao,sim,sim,nao,nao,sim,sim,sim,regular,pouco,pouco,alto,baixo,muito boa,10,14,12,11
370,mousinho da silveira,feminino,19,urbano,<=3 pessoas,juntos,ensino medio,fund. ii,servicos,servicos,proximidade,outro,15 a 30 min,2 a 5h,2 vezes,nao,nao,nao,sim,sim,sim,nao,sim,regular,pouco,pouco,muito baixo,muito baixo,regular,4,7,7,9
371,mousinho da silveira,masculino,18,rural,<=3 pessoas,juntos,fund. i,fund. ii,do lar,servicos,outro,pai,30 min a 1h,menos de 2h,nenhuma,nao,sim,sim,sim,sim,nao,sim,sim,boa,medio,medio,baixo,medio,regular,3,14,12,12
372,mousinho da silveira,feminino,17,urbano,>3 pessoas,juntos,fund. ii,fund. ii,outro,do lar,proximidade,mae,menos de 15 min,5 a 10h,nenhuma,nao,nao,nao,sim,sim,sim,nao,sim,regular,bastante,medio,muito baixo,muito baixo,regular,8,13,11,11
373,mousinho da silveira,feminino,17,rural,>3 pessoas,juntos,fund. i,fund. ii,outro,outro,curso,mae,menos de 15 min,menos de 2h,nenhuma,nao,nao,nao,sim,sim,sim,sim,nao,regular,muito,muito,muito baixo,medio,muito ruim,14,6,5,5
374,mousinho da silveira,feminino,18,rural,<=3 pessoas,juntos,superior,superior,outro,outro,reputacao,mae,15 a 30 min,5 a 10h,nenhuma,nao,nao,nao,nao,sim,sim,sim,nao,excelente,bastante,bastante,muito baixo,muito baixo,muito ruim,0,19,18,19
375,mousinho da silveira,feminino,18,rural,>3 pessoas,juntos,fund. i,fund. i,outro,outro,proximidade,mae,mais de 1h,5 a 10h,nenhuma,nao,nao,nao,nao,sim,sim,sim,nao,boa,medio,pouco,muito baixo,baixo,boa,2,8,8,10
376,mousinho da silveira,feminino,20,urbano,>3 pessoas,juntos,superior,fund. ii,saude,outro,curso,outro,15 a 30 min,5 a 10h,2 vezes,nao,sim,sim,nao,nao,sim,sim,sim,excelente,bastante,medio,muito baixo,muito baixo,regular,4,15,14,15
377,mousinho da silveira,feminino,18,rural,<=3 pessoas,juntos,superior,superior,professor(a),servicos,curso,mae,menos de 15 min,2 a 5h,nenhuma,nao,nao,sim,sim,sim,sim,sim,nao,excelente,bastante,medio,medio,alto,ruim,4,8,9,10
378,mousinho da silveira,feminino,18,urbano,>3 pessoas,juntos,ensino medio,ensino medio,outro,outro,proximidade,mae,menos de 15 min,2 a 5h,nenhuma,nao,nao,sim,nao,sim,sim,sim,sim,boa,muito pouco,medio,muito baixo,baixo,muito ruim,0,15,15,15
379,mousinho da silveira,feminino,17,rural,>3 pessoas,juntos,ensino medio,fund. i,do lar,outro,reputacao,mae,menos de 15 min,2 a 5h,nenhuma,nao,sim,sim,sim,nao,sim,sim,nao,boa,muito,bastante,baixo,medio,muito ruim,17,10,10,10
380,mousinho da silveira,masculino,18,urbano,>3 pessoas,juntos,superior,superior,professor(a),professor(a),proximidade,pai,menos de 15 min,2 a 5h,nenhuma,nao,nao,sim,sim,nao,sim,sim,nao,regular,pouco,bastante,muito baixo,alto,ruim,4,15,14,14
381,mousinho da silveira,masculino,18,rural,>3 pessoas,juntos,fund. ii,fund. i,outro,outro,outro,mae,15 a 30 min,menos de 2h,nenhuma,nao,nao,nao,sim,nao,sim,sim,sim,boa,bastante,medio,muito baixo,medio,muito boa,5,7,6,7
382,mousinho da silveira,masculino,17,urbano,>3 pessoas,juntos,fund. ii,ensino medio,outro,servicos,proximidade,pai,15 a 30 min,2 a 5h,nenhuma,nao,nao,nao,sim,sim,sim,sim,nao,boa,bastante,medio,muito baixo,muito baixo,regular,2,11,11,10
383,mousinho da silveira,masculino,19,rural,>3 pessoas,juntos,fund. i,fund. i,outro,servicos,outro,mae,15 a 30 min,menos de 2h,1 vez,nao,nao,nao,nao,sim,sim,nao,nao,boa,medio,pouco,muito baixo,medio,muito boa,0,6,5,0
384,mousinho da silveira,masculino,18,rural,>3 pessoas,juntos,superior,fund. ii,outro,outro,proximidade,pai,15 a 30 min,menos de 2h,1 vez,nao,nao,sim,nao,sim,sim,nao,nao,excelente,bastante,medio,alto,medio,regular,14,6,5,5
385,mousinho da silveira,feminino,18,rural,>3 pessoas,juntos,fund. ii,fund. ii,do lar,outro,outro,mae,15 a 30 min,5 a 10h,nenhuma,nao,nao,sim,nao,sim,sim,nao,nao,excelente,medio,medio,muito baixo,medio,boa,2,10,9,10
386,mousinho da silveira,feminino,18,rural,>3 pessoas,juntos,superior,superior,professor(a),do lar,reputacao,mae,30 min a 1h,menos de 2h,nenhuma,nao,sim,sim,sim,sim,sim,sim,sim,boa,bastante,medio,baixo,baixo,muito boa,7,6,5,6
387,mousinho da silveira,feminino,19,rural,>3 pessoas,juntos,fund. ii,ensino medio,servicos,outro,curso,mae,menos de 15 min,5 a 10h,1 vez,nao,nao,nao,sim,nao,sim,sim,nao,excelente,bastante,pouco,muito baixo,baixo,muito boa,0,7,5,0
388,mousinho da silveira,feminino,18,urbano,<=3 pessoas,juntos,ensino medio,fund. i,professor(a),servicos,curso,mae,menos de 15 min,2 a 5h,nenhuma,nao,sim,sim,nao,sim,sim,sim,nao,boa,medio,bastante,muito baixo,muito baixo,muito ruim,0,7,9,8
389,mousinho da silveira,feminino,18,urbano,>3 pessoas,juntos,fund. i,fund. i,outro,outro,curso,mae,15 a 30 min,2 a 5h,1 vez,nao,nao,nao,sim,sim,sim,nao,nao,muito ruim,muito pouco,muito pouco,muito baixo,muito baixo,muito boa,0,6,5,0
390,mousinho da silveira,masculino,20,urbano,<=3 pessoas,separados,fund. ii,fund. ii,servicos,servicos,curso,outro,menos de 15 min,2 a 5h,2 vezes,nao,sim,sim,nao,sim,sim,nao,nao,excelente,muito,bastante,alto,muito alto,boa,11,9,9,9
391,mousinho da silveira,masculino,17,urbano,<=3 pessoas,juntos,ensino medio,fund. i,servicos,servicos,curso,mae,15 a 30 min,menos de 2h,nenhuma,nao,nao,nao,nao,nao,sim,sim,nao,ruim,bastante,muito,medio,alto,ruim,3,14,16,16
392,mousinho da silveira,masculino,21,rural,>3 pessoas,juntos,fund. i,fund. i,outro,outro,curso,outro,menos de 15 min,menos de 2h,3 ou mais,nao,nao,nao,nao,nao,sim,nao,nao,excelente,muito,medio,medio,medio,regular,3,10,8,7
393,mousinho da silveira,masculino,18,rural,<=3 pessoas,juntos,ensino medio,fund. ii,servicos,outro,curso,mae,30 min a 1h,menos de 2h,nenhuma,nao,nao,nao,nao,nao,sim,sim,nao,boa,bastante,muito pouco,medio,alto,muito boa,0,11,12,10
394,mousinho da silveira,masculino,19,urbano,<=3 pessoas,juntos,fund. i,fund. i,outro,do lar,curso,pai,menos de 15 min,menos de 2h,nenhuma,nao,nao,nao,nao,sim,sim,sim,nao,regular,pouco,medio,medio,medio,muito boa,5,8,9,9
